EURAED007-100-lower,-0.0276
EURAED007-80-lower,-0.0113
EURAED007-60-lower,-0.007619999999999998
EURAED007-40-lower,-0.004780000000000001
EURAED007-20-lower,-0.0022399999999999976
EURAED007-0-lower,-0.0
EURAED007-0-upper,0.0
EURAED007-20-upper,0.0021
EURAED007-40-upper,0.0047
EURAED007-60-upper,0.0073
EURAED007-80-upper,0.011240000000000003
EURAED007-100-upper,0.027
EURAED014-100-lower,-0.0497
EURAED014-80-lower,-0.0157
EURAED014-60-lower,-0.0103
EURAED014-40-lower,-0.0061
EURAED014-20-lower,-0.0029799999999999957
EURAED014-0-lower,-0.0001
EURAED014-0-upper,0.0
EURAED014-20-upper,0.003
EURAED014-40-upper,0.0064
EURAED014-60-upper,0.009619999999999998
EURAED014-80-upper,0.016460000000000002
EURAED014-100-upper,0.0386
EURAED021-100-lower,-0.0497
EURAED021-80-lower,-0.0175
EURAED021-60-lower,-0.0105
EURAED021-40-lower,-0.0066
EURAED021-20-lower,-0.0029
EURAED021-0-lower,-0.0
EURAED021-0-upper,0.0
EURAED021-20-upper,0.0026
EURAED021-40-upper,0.0067
EURAED021-60-upper,0.0132
EURAED021-80-upper,0.0215
EURAED021-100-upper,0.0413
EURAED030-100-lower,-0.0481
EURAED030-80-lower,-0.01952
EURAED030-60-lower,-0.0125
EURAED030-40-lower,-0.008
EURAED030-20-lower,-0.0041
EURAED030-0-lower,-0.0
EURAED030-0-upper,0.0002
EURAED030-20-upper,0.004060000000000002
EURAED030-40-upper,0.009740000000000002
EURAED030-60-upper,0.01714
EURAED030-80-upper,0.026420000000000003
EURAED030-100-upper,0.0495
EURAED045-100-lower,-0.0663
EURAED045-80-lower,-0.02468
EURAED045-60-lower,-0.0148
EURAED045-40-lower,-0.0093
EURAED045-20-lower,-0.0048
EURAED045-0-lower,-0.0001
EURAED045-0-upper,0.0001
EURAED045-20-upper,0.0053
EURAED045-40-upper,0.0119
EURAED045-60-upper,0.0195
EURAED045-80-upper,0.0319
EURAED045-100-upper,0.0647
EURAED060-100-lower,-0.066
EURAED060-80-lower,-0.03292
EURAED060-60-lower,-0.01922
EURAED060-40-lower,-0.010340000000000002
EURAED060-20-lower,-0.0051199999999999996
EURAED060-0-lower,-0.0001
EURAED060-0-upper,0.0001
EURAED060-20-upper,0.00524
EURAED060-40-upper,0.01132
EURAED060-60-upper,0.028759999999999997
EURAED060-80-upper,0.04358
EURAED060-100-upper,0.0665
EURAED090-100-lower,-0.0721
EURAED090-80-lower,-0.04108
EURAED090-60-lower,-0.022
EURAED090-40-lower,-0.013519999999999999
EURAED090-20-lower,-0.0062599999999999965
EURAED090-0-lower,-0.0001
EURAED090-0-upper,0.0
EURAED090-20-upper,0.0071400000000000005
EURAED090-40-upper,0.02234000000000001
EURAED090-60-upper,0.0402
EURAED090-80-upper,0.06314
EURAED090-100-upper,0.0848
EURAED100-100-lower,-0.0747
EURAED100-80-lower,-0.0452
EURAED100-60-lower,-0.023
EURAED100-40-lower,-0.0138
EURAED100-20-lower,-0.0075
EURAED100-0-lower,-0.0
EURAED100-0-upper,0.0002
EURAED100-20-upper,0.00772
EURAED100-40-upper,0.025280000000000004
EURAED100-60-upper,0.044259999999999994
EURAED100-80-upper,0.06216000000000001
EURAED100-100-upper,0.1025
EURAED180-100-lower,-0.0929
EURAED180-80-lower,-0.0521
EURAED180-60-lower,-0.036
EURAED180-40-lower,-0.0245
EURAED180-20-lower,-0.0169
EURAED180-0-lower,-0.0001
EURAED180-0-upper,0.0005
EURAED180-20-upper,0.04064
EURAED180-40-upper,0.051960000000000006
EURAED180-60-upper,0.06252
EURAED180-80-upper,0.09856
EURAED180-100-upper,0.1397
EURAED270-100-lower,-0.103
EURAED270-80-lower,-0.060579999999999995
EURAED270-60-lower,-0.0388
EURAED270-40-lower,-0.0279
EURAED270-20-lower,-0.0188
EURAED270-0-lower,-0.0006
EURAED270-0-upper,0.0006
EURAED270-20-upper,0.0252
EURAED270-40-upper,0.0842
EURAED270-60-upper,0.1033
EURAED270-80-upper,0.1236
EURAED270-100-upper,0.1498
EURAED365-100-lower,-0.0981
EURAED365-80-lower,-0.0642
EURAED365-60-lower,-0.04554
EURAED365-40-lower,-0.0358
EURAED365-20-lower,-0.023639999999999998
EURAED365-0-lower,-0.001
EURAED365-0-upper,0.0004
EURAED365-20-upper,0.03992
EURAED365-40-upper,0.05954
EURAED365-60-upper,0.10056000000000001
EURAED365-80-upper,0.14634
EURAED365-100-upper,0.1798
EURAUD007-100-lower,-0.028
EURAUD007-80-lower,-0.0118
EURAUD007-60-lower,-0.0082
EURAUD007-40-lower,-0.0055
EURAUD007-20-lower,-0.0028
EURAUD007-0-lower,-0.0001
EURAUD007-0-upper,0.0
EURAUD007-20-upper,0.0023
EURAUD007-40-upper,0.0053
EURAUD007-60-upper,0.0085
EURAUD007-80-upper,0.0123
EURAUD007-100-upper,0.0287
EURAUD014-100-lower,-0.0335
EURAUD014-80-lower,-0.01648
EURAUD014-60-lower,-0.01036
EURAUD014-40-lower,-0.006240000000000001
EURAUD014-20-lower,-0.0031
EURAUD014-0-lower,-0.0001
EURAUD014-0-upper,0.0
EURAUD014-20-upper,0.0029
EURAUD014-40-upper,0.0075
EURAUD014-60-upper,0.0118
EURAUD014-80-upper,0.0189
EURAUD014-100-upper,0.0418
EURAUD021-100-lower,-0.0358
EURAUD021-80-lower,-0.020919999999999998
EURAUD021-60-lower,-0.013859999999999999
EURAUD021-40-lower,-0.0089
EURAUD021-20-lower,-0.0036
EURAUD021-0-lower,-0.0001
EURAUD021-0-upper,0.0001
EURAUD021-20-upper,0.0045
EURAUD021-40-upper,0.009
EURAUD021-60-upper,0.0153
EURAUD021-80-upper,0.023820000000000008
EURAUD021-100-upper,0.0581
EURAUD030-100-lower,-0.0442
EURAUD030-80-lower,-0.02422
EURAUD030-60-lower,-0.0154
EURAUD030-40-lower,-0.00896
EURAUD030-20-lower,-0.004060000000000003
EURAUD030-0-lower,-0.0001
EURAUD030-0-upper,0.0002
EURAUD030-20-upper,0.005520000000000002
EURAUD030-40-upper,0.010780000000000001
EURAUD030-60-upper,0.018439999999999998
EURAUD030-80-upper,0.0284
EURAUD030-100-upper,0.0708
EURAUD045-100-lower,-0.048
EURAUD045-80-lower,-0.028000000000000004
EURAUD045-60-lower,-0.016280000000000003
EURAUD045-40-lower,-0.01056
EURAUD045-20-lower,-0.0052
EURAUD045-0-lower,-0.0001
EURAUD045-0-upper,0.0
EURAUD045-20-upper,0.009260000000000001
EURAUD045-40-upper,0.0158
EURAUD045-60-upper,0.02186
EURAUD045-80-upper,0.0291
EURAUD045-100-upper,0.0844
EURAUD060-100-lower,-0.0571
EURAUD060-80-lower,-0.030059999999999996
EURAUD060-60-lower,-0.020919999999999994
EURAUD060-40-lower,-0.013180000000000002
EURAUD060-20-lower,-0.005539999999999998
EURAUD060-0-lower,-0.0002
EURAUD060-0-upper,0.0001
EURAUD060-20-upper,0.008
EURAUD060-40-upper,0.0148
EURAUD060-60-upper,0.021
EURAUD060-80-upper,0.0328
EURAUD060-100-upper,0.0811
EURAUD090-100-lower,-0.0592
EURAUD090-80-lower,-0.0282
EURAUD090-60-lower,-0.01818
EURAUD090-40-lower,-0.012740000000000005
EURAUD090-20-lower,-0.0071
EURAUD090-0-lower,-0.0003
EURAUD090-0-upper,0.0
EURAUD090-20-upper,0.0099
EURAUD090-40-upper,0.01738
EURAUD090-60-upper,0.0259
EURAUD090-80-upper,0.042260000000000006
EURAUD090-100-upper,0.0949
EURAUD100-100-lower,-0.0476
EURAUD100-80-lower,-0.0283
EURAUD100-60-lower,-0.0199
EURAUD100-40-lower,-0.0152
EURAUD100-20-lower,-0.0085
EURAUD100-0-lower,-0.0002
EURAUD100-0-upper,0.0001
EURAUD100-20-upper,0.011
EURAUD100-40-upper,0.020139999999999998
EURAUD100-60-upper,0.0298
EURAUD100-80-upper,0.04216
EURAUD100-100-upper,0.1077
EURAUD180-100-lower,-0.0854
EURAUD180-80-lower,-0.05842
EURAUD180-60-lower,-0.032459999999999996
EURAUD180-40-lower,-0.0189
EURAUD180-20-lower,-0.007819999999999985
EURAUD180-0-lower,-0.0002
EURAUD180-0-upper,0.0003
EURAUD180-20-upper,0.013140000000000002
EURAUD180-40-upper,0.0254
EURAUD180-60-upper,0.0367
EURAUD180-80-upper,0.0537
EURAUD180-100-upper,0.0951
EURAUD270-100-lower,-0.113
EURAUD270-80-lower,-0.07437999999999999
EURAUD270-60-lower,-0.04366
EURAUD270-40-lower,-0.019700000000000002
EURAUD270-20-lower,-0.006739999999999998
EURAUD270-0-lower,-0.0002
EURAUD270-0-upper,0.0
EURAUD270-20-upper,0.015220000000000001
EURAUD270-40-upper,0.03314
EURAUD270-60-upper,0.04821999999999999
EURAUD270-80-upper,0.06548
EURAUD270-100-upper,0.1405
EURAUD365-100-lower,-0.1298
EURAUD365-80-lower,-0.0693
EURAUD365-60-lower,-0.043359999999999996
EURAUD365-40-lower,-0.02436
EURAUD365-20-lower,-0.011219999999999997
EURAUD365-0-lower,-0.0001
EURAUD365-0-upper,0.0002
EURAUD365-20-upper,0.0167
EURAUD365-40-upper,0.0398
EURAUD365-60-upper,0.058
EURAUD365-80-upper,0.0838
EURAUD365-100-upper,0.1513
EURAZN007-100-lower,-0.1085
EURAZN007-80-lower,-0.0134
EURAZN007-60-lower,-0.008
EURAZN007-40-lower,-0.0045
EURAZN007-20-lower,-0.0022
EURAZN007-0-lower,-0.0001
EURAZN007-0-upper,0.0
EURAZN007-20-upper,0.0029
EURAZN007-40-upper,0.0055
EURAZN007-60-upper,0.0092
EURAZN007-80-upper,0.0152
EURAZN007-100-upper,0.0544
EURAZN014-100-lower,-0.1081
EURAZN014-80-lower,-0.0169
EURAZN014-60-lower,-0.0104
EURAZN014-40-lower,-0.0064
EURAZN014-20-lower,-0.0032
EURAZN014-0-lower,-0.0
EURAZN014-0-upper,0.0
EURAZN014-20-upper,0.0032
EURAZN014-40-upper,0.0068
EURAZN014-60-upper,0.0121
EURAZN014-80-upper,0.0213
EURAZN014-100-upper,0.0857
EURAZN021-100-lower,-0.1153
EURAZN021-80-lower,-0.0195
EURAZN021-60-lower,-0.0121
EURAZN021-40-lower,-0.0071
EURAZN021-20-lower,-0.0031799999999999953
EURAZN021-0-lower,-0.0001
EURAZN021-0-upper,0.0
EURAZN021-20-upper,0.0033
EURAZN021-40-upper,0.00824
EURAZN021-60-upper,0.013859999999999999
EURAZN021-80-upper,0.0259
EURAZN021-100-upper,0.1008
EURAZN030-100-lower,-0.1047
EURAZN030-80-lower,-0.02268
EURAZN030-60-lower,-0.0134
EURAZN030-40-lower,-0.00832
EURAZN030-20-lower,-0.004159999999999997
EURAZN030-0-lower,-0.0001
EURAZN030-0-upper,0.0001
EURAZN030-20-upper,0.003660000000000001
EURAZN030-40-upper,0.010020000000000003
EURAZN030-60-upper,0.019
EURAZN030-80-upper,0.030380000000000008
EURAZN030-100-upper,0.1242
EURAZN045-100-lower,-0.1087
EURAZN045-80-lower,-0.02674
EURAZN045-60-lower,-0.015539999999999995
EURAZN045-40-lower,-0.0102
EURAZN045-20-lower,-0.0053
EURAZN045-0-lower,-0.0001
EURAZN045-0-upper,0.0001
EURAZN045-20-upper,0.0052
EURAZN045-40-upper,0.0118
EURAZN045-60-upper,0.0232
EURAZN045-80-upper,0.03966
EURAZN045-100-upper,0.1409
EURAZN060-100-lower,-0.117
EURAZN060-80-lower,-0.03066
EURAZN060-60-lower,-0.0183
EURAZN060-40-lower,-0.0099
EURAZN060-20-lower,-0.0053
EURAZN060-0-lower,-0.0002
EURAZN060-0-upper,0.0
EURAZN060-20-upper,0.006199999999999999
EURAZN060-40-upper,0.015979999999999998
EURAZN060-60-upper,0.0345
EURAZN060-80-upper,0.045739999999999996
EURAZN060-100-upper,0.127
EURAZN090-100-lower,-0.1025
EURAZN090-80-lower,-0.038619999999999995
EURAZN090-60-lower,-0.0226
EURAZN090-40-lower,-0.0137
EURAZN090-20-lower,-0.006539999999999997
EURAZN090-0-lower,-0.0002
EURAZN090-0-upper,0.0001
EURAZN090-20-upper,0.00856
EURAZN090-40-upper,0.0212
EURAZN090-60-upper,0.036460000000000006
EURAZN090-80-upper,0.06322
EURAZN090-100-upper,0.15
EURAZN100-100-lower,-0.105
EURAZN100-80-lower,-0.04176
EURAZN100-60-lower,-0.021379999999999996
EURAZN100-40-lower,-0.01384
EURAZN100-20-lower,-0.0069
EURAZN100-0-lower,-0.0001
EURAZN100-0-upper,0.0
EURAZN100-20-upper,0.0088
EURAZN100-40-upper,0.0248
EURAZN100-60-upper,0.0411
EURAZN100-80-upper,0.0592
EURAZN100-100-upper,0.1835
EURAZN180-100-lower,-0.0961
EURAZN180-80-lower,-0.051280000000000006
EURAZN180-60-lower,-0.029140000000000003
EURAZN180-40-lower,-0.02192
EURAZN180-20-lower,-0.014960000000000001
EURAZN180-0-lower,-0.0009
EURAZN180-0-upper,0.0005
EURAZN180-20-upper,0.025920000000000002
EURAZN180-40-upper,0.041
EURAZN180-60-upper,0.052739999999999995
EURAZN180-80-upper,0.0834
EURAZN180-100-upper,0.1746
EURAZN270-100-lower,-0.1062
EURAZN270-80-lower,-0.06184000000000001
EURAZN270-60-lower,-0.0383
EURAZN270-40-lower,-0.0278
EURAZN270-20-lower,-0.01946
EURAZN270-0-lower,-0.0002
EURAZN270-0-upper,0.0001
EURAZN270-20-upper,0.04356
EURAZN270-40-upper,0.0676
EURAZN270-60-upper,0.09023999999999999
EURAZN270-80-upper,0.10808000000000001
EURAZN270-100-upper,0.2082
EURAZN365-100-lower,-0.1015
EURAZN365-80-lower,-0.07816000000000001
EURAZN365-60-lower,-0.050379999999999994
EURAZN365-40-lower,-0.03988
EURAZN365-20-lower,-0.02984
EURAZN365-0-lower,-0.0006
EURAZN365-0-upper,0.0025
EURAZN365-20-upper,0.05686000000000001
EURAZN365-40-upper,0.08922000000000001
EURAZN365-60-upper,0.11155999999999999
EURAZN365-80-upper,0.13140000000000002
EURAZN365-100-upper,0.207
EURBND007-100-lower,-0.0217
EURBND007-80-lower,-0.0083
EURBND007-60-lower,-0.005279999999999998
EURBND007-40-lower,-0.003420000000000002
EURBND007-20-lower,-0.0017
EURBND007-0-lower,-0.0001
EURBND007-0-upper,0.0
EURBND007-20-upper,0.0014400000000000005
EURBND007-40-upper,0.0032
EURBND007-60-upper,0.0053
EURBND007-80-upper,0.0082
EURBND007-100-upper,0.0253
EURBND014-100-lower,-0.0342
EURBND014-80-lower,-0.011100000000000002
EURBND014-60-lower,-0.0074
EURBND014-40-lower,-0.005
EURBND014-20-lower,-0.0024
EURBND014-0-lower,-0.0001
EURBND014-0-upper,0.0
EURBND014-20-upper,0.0018
EURBND014-40-upper,0.0037999999999999996
EURBND014-60-upper,0.0071
EURBND014-80-upper,0.011580000000000002
EURBND014-100-upper,0.0307
EURBND021-100-lower,-0.0319
EURBND021-80-lower,-0.0119
EURBND021-60-lower,-0.0077
EURBND021-40-lower,-0.0055
EURBND021-20-lower,-0.0026
EURBND021-0-lower,-0.0001
EURBND021-0-upper,0.0
EURBND021-20-upper,0.0027
EURBND021-40-upper,0.0062
EURBND021-60-upper,0.0094
EURBND021-80-upper,0.0153
EURBND021-100-upper,0.0417
EURBND030-100-lower,-0.0371
EURBND030-80-lower,-0.0149
EURBND030-60-lower,-0.0096
EURBND030-40-lower,-0.0065
EURBND030-20-lower,-0.0032
EURBND030-0-lower,-0.0001
EURBND030-0-upper,0.0
EURBND030-20-upper,0.0026
EURBND030-40-upper,0.006540000000000001
EURBND030-60-upper,0.0117
EURBND030-80-upper,0.018120000000000004
EURBND030-100-upper,0.0427
EURBND045-100-lower,-0.0497
EURBND045-80-lower,-0.0175
EURBND045-60-lower,-0.0111
EURBND045-40-lower,-0.0075
EURBND045-20-lower,-0.0038
EURBND045-0-lower,-0.0001
EURBND045-0-upper,0.0001
EURBND045-20-upper,0.0033
EURBND045-40-upper,0.0078
EURBND045-60-upper,0.0129
EURBND045-80-upper,0.02126
EURBND045-100-upper,0.0489
EURBND060-100-lower,-0.0533
EURBND060-80-lower,-0.01874
EURBND060-60-lower,-0.0123
EURBND060-40-lower,-0.007960000000000002
EURBND060-20-lower,-0.004079999999999996
EURBND060-0-lower,-0.0001
EURBND060-0-upper,0.0
EURBND060-20-upper,0.0044
EURBND060-40-upper,0.010740000000000003
EURBND060-60-upper,0.018859999999999995
EURBND060-80-upper,0.027280000000000006
EURBND060-100-upper,0.0454
EURBND090-100-lower,-0.0513
EURBND090-80-lower,-0.02392
EURBND090-60-lower,-0.016
EURBND090-40-lower,-0.0115
EURBND090-20-lower,-0.006
EURBND090-0-lower,-0.0001
EURBND090-0-upper,0.0
EURBND090-20-upper,0.00512
EURBND090-40-upper,0.01374
EURBND090-60-upper,0.02318
EURBND090-80-upper,0.03586
EURBND090-100-upper,0.0651
EURBND100-100-lower,-0.0606
EURBND100-80-lower,-0.02492
EURBND100-60-lower,-0.0185
EURBND100-40-lower,-0.0133
EURBND100-20-lower,-0.0077
EURBND100-0-lower,-0.0001
EURBND100-0-upper,0.0
EURBND100-20-upper,0.0054
EURBND100-40-upper,0.0144
EURBND100-60-upper,0.0229
EURBND100-80-upper,0.0355
EURBND100-100-upper,0.0713
EURBND180-100-lower,-0.0609
EURBND180-80-lower,-0.02826
EURBND180-60-lower,-0.0195
EURBND180-40-lower,-0.0139
EURBND180-20-lower,-0.0091
EURBND180-0-lower,-0.0001
EURBND180-0-upper,0.0001
EURBND180-20-upper,0.0102
EURBND180-40-upper,0.0184
EURBND180-60-upper,0.026740000000000003
EURBND180-80-upper,0.044439999999999986
EURBND180-100-upper,0.0928
EURBND270-100-lower,-0.0623
EURBND270-80-lower,-0.036879999999999996
EURBND270-60-lower,-0.027579999999999993
EURBND270-40-lower,-0.0201
EURBND270-20-lower,-0.0105
EURBND270-0-lower,-0.0004
EURBND270-0-upper,0.0
EURBND270-20-upper,0.0173
EURBND270-40-upper,0.03866
EURBND270-60-upper,0.051879999999999996
EURBND270-80-upper,0.0646
EURBND270-100-upper,0.0937
EURBND365-100-lower,-0.0747
EURBND365-80-lower,-0.0478
EURBND365-60-lower,-0.03158
EURBND365-40-lower,-0.0203
EURBND365-20-lower,-0.012259999999999997
EURBND365-0-lower,-0.0002
EURBND365-0-upper,0.001
EURBND365-20-upper,0.0146
EURBND365-40-upper,0.0486
EURBND365-60-upper,0.0581
EURBND365-80-upper,0.074
EURBND365-100-upper,0.1011
EURBRL007-100-lower,-0.0665
EURBRL007-80-lower,-0.02098
EURBRL007-60-lower,-0.012759999999999997
EURBRL007-40-lower,-0.0076
EURBRL007-20-lower,-0.0037
EURBRL007-0-lower,-0.0
EURBRL007-0-upper,0.0001
EURBRL007-20-upper,0.0039
EURBRL007-40-upper,0.008
EURBRL007-60-upper,0.01432
EURBRL007-80-upper,0.02176
EURBRL007-100-upper,0.0973
EURBRL014-100-lower,-0.1102
EURBRL014-80-lower,-0.032119999999999996
EURBRL014-60-lower,-0.0205
EURBRL014-40-lower,-0.0121
EURBRL014-20-lower,-0.005679999999999998
EURBRL014-0-lower,-0.0
EURBRL014-0-upper,0.0
EURBRL014-20-upper,0.0061200000000000004
EURBRL014-40-upper,0.012060000000000003
EURBRL014-60-upper,0.016459999999999995
EURBRL014-80-upper,0.027280000000000006
EURBRL014-100-upper,0.1021
EURBRL021-100-lower,-0.121
EURBRL021-80-lower,-0.038
EURBRL021-60-lower,-0.0252
EURBRL021-40-lower,-0.0137
EURBRL021-20-lower,-0.0059
EURBRL021-0-lower,-0.0002
EURBRL021-0-upper,0.0001
EURBRL021-20-upper,0.0066
EURBRL021-40-upper,0.0146
EURBRL021-60-upper,0.0229
EURBRL021-80-upper,0.0343
EURBRL021-100-upper,0.112
EURBRL030-100-lower,-0.1224
EURBRL030-80-lower,-0.04432
EURBRL030-60-lower,-0.028979999999999995
EURBRL030-40-lower,-0.0155
EURBRL030-20-lower,-0.006839999999999997
EURBRL030-0-lower,-0.0001
EURBRL030-0-upper,0.0001
EURBRL030-20-upper,0.0107
EURBRL030-40-upper,0.0213
EURBRL030-60-upper,0.0296
EURBRL030-80-upper,0.04222000000000003
EURBRL030-100-upper,0.1223
EURBRL045-100-lower,-0.1553
EURBRL045-80-lower,-0.054819999999999994
EURBRL045-60-lower,-0.03614
EURBRL045-40-lower,-0.0219
EURBRL045-20-lower,-0.009939999999999997
EURBRL045-0-lower,-0.0001
EURBRL045-0-upper,0.0
EURBRL045-20-upper,0.014
EURBRL045-40-upper,0.0228
EURBRL045-60-upper,0.0347
EURBRL045-80-upper,0.0544
EURBRL045-100-upper,0.1267
EURBRL060-100-lower,-0.1408
EURBRL060-80-lower,-0.06504
EURBRL060-60-lower,-0.041139999999999996
EURBRL060-40-lower,-0.021699999999999997
EURBRL060-20-lower,-0.007859999999999997
EURBRL060-0-lower,-0.0002
EURBRL060-0-upper,0.0002
EURBRL060-20-upper,0.015420000000000003
EURBRL060-40-upper,0.0291
EURBRL060-60-upper,0.04098
EURBRL060-80-upper,0.06374000000000002
EURBRL060-100-upper,0.1181
EURBRL090-100-lower,-0.1195
EURBRL090-80-lower,-0.058440000000000006
EURBRL090-60-lower,-0.03716
EURBRL090-40-lower,-0.024620000000000003
EURBRL090-20-lower,-0.013979999999999998
EURBRL090-0-lower,-0.0001
EURBRL090-0-upper,0.0003
EURBRL090-20-upper,0.022080000000000002
EURBRL090-40-upper,0.036680000000000004
EURBRL090-60-upper,0.05452
EURBRL090-80-upper,0.08142000000000002
EURBRL090-100-upper,0.1509
EURBRL100-100-lower,-0.1226
EURBRL100-80-lower,-0.06702
EURBRL100-60-lower,-0.04104
EURBRL100-40-lower,-0.0243
EURBRL100-20-lower,-0.01161999999999997
EURBRL100-0-lower,-0.0001
EURBRL100-0-upper,0.0002
EURBRL100-20-upper,0.021620000000000007
EURBRL100-40-upper,0.0395
EURBRL100-60-upper,0.058359999999999995
EURBRL100-80-upper,0.09012
EURBRL100-100-upper,0.1592
EURBRL180-100-lower,-0.1484
EURBRL180-80-lower,-0.09858
EURBRL180-60-lower,-0.07476000000000001
EURBRL180-40-lower,-0.04724000000000002
EURBRL180-20-lower,-0.01746
EURBRL180-0-lower,-0.0011
EURBRL180-0-upper,0.0
EURBRL180-20-upper,0.04124
EURBRL180-40-upper,0.0662
EURBRL180-60-upper,0.09974
EURBRL180-80-upper,0.12238000000000002
EURBRL180-100-upper,0.2121
EURBRL270-100-lower,-0.2363
EURBRL270-80-lower,-0.17038
EURBRL270-60-lower,-0.13226
EURBRL270-40-lower,-0.06512
EURBRL270-20-lower,-0.02196
EURBRL270-0-lower,-0.0001
EURBRL270-0-upper,0.0002
EURBRL270-20-upper,0.032240000000000005
EURBRL270-40-upper,0.08276
EURBRL270-60-upper,0.127
EURBRL270-80-upper,0.16666000000000003
EURBRL270-100-upper,0.2536
EURBRL365-100-lower,-0.2858
EURBRL365-80-lower,-0.21132
EURBRL365-60-lower,-0.1581
EURBRL365-40-lower,-0.06626000000000001
EURBRL365-20-lower,-0.03815999999999999
EURBRL365-0-lower,-0.0001
EURBRL365-0-upper,0.0004
EURBRL365-20-upper,0.043660000000000004
EURBRL365-40-upper,0.08164000000000002
EURBRL365-60-upper,0.146
EURBRL365-80-upper,0.20874
EURBRL365-100-upper,0.32
EURCAD007-100-lower,-0.0336
EURCAD007-80-lower,-0.012659999999999998
EURCAD007-60-lower,-0.0086
EURCAD007-40-lower,-0.004980000000000002
EURCAD007-20-lower,-0.0019399999999999977
EURCAD007-0-lower,-0.0001
EURCAD007-0-upper,0.0
EURCAD007-20-upper,0.0019
EURCAD007-40-upper,0.004320000000000002
EURCAD007-60-upper,0.008079999999999999
EURCAD007-80-upper,0.012960000000000013
EURCAD007-100-upper,0.0351
EURCAD014-100-lower,-0.0427
EURCAD014-80-lower,-0.0174
EURCAD014-60-lower,-0.0116
EURCAD014-40-lower,-0.0071
EURCAD014-20-lower,-0.0036
EURCAD014-0-lower,-0.0001
EURCAD014-0-upper,0.0
EURCAD014-20-upper,0.0033
EURCAD014-40-upper,0.0066
EURCAD014-60-upper,0.0109
EURCAD014-80-upper,0.0168
EURCAD014-100-upper,0.052
EURCAD021-100-lower,-0.043
EURCAD021-80-lower,-0.0212
EURCAD021-60-lower,-0.0141
EURCAD021-40-lower,-0.0088
EURCAD021-20-lower,-0.0039
EURCAD021-0-lower,-0.0001
EURCAD021-0-upper,0.0
EURCAD021-20-upper,0.0039
EURCAD021-40-upper,0.0076
EURCAD021-60-upper,0.0134
EURCAD021-80-upper,0.021
EURCAD021-100-upper,0.0675
EURCAD030-100-lower,-0.0533
EURCAD030-80-lower,-0.023919999999999997
EURCAD030-60-lower,-0.017879999999999997
EURCAD030-40-lower,-0.0111
EURCAD030-20-lower,-0.0047
EURCAD030-0-lower,-0.0001
EURCAD030-0-upper,0.0001
EURCAD030-20-upper,0.0045
EURCAD030-40-upper,0.0095
EURCAD030-60-upper,0.015179999999999999
EURCAD030-80-upper,0.023540000000000005
EURCAD030-100-upper,0.0709
EURCAD045-100-lower,-0.066
EURCAD045-80-lower,-0.0266
EURCAD045-60-lower,-0.018
EURCAD045-40-lower,-0.011820000000000002
EURCAD045-20-lower,-0.0048
EURCAD045-0-lower,-0.0001
EURCAD045-0-upper,0.0
EURCAD045-20-upper,0.0051
EURCAD045-40-upper,0.01116
EURCAD045-60-upper,0.018460000000000004
EURCAD045-80-upper,0.02802
EURCAD045-100-upper,0.0703
EURCAD060-100-lower,-0.0642
EURCAD060-80-lower,-0.0295
EURCAD060-60-lower,-0.0172
EURCAD060-40-lower,-0.0115
EURCAD060-20-lower,-0.0057
EURCAD060-0-lower,-0.0001
EURCAD060-0-upper,0.0001
EURCAD060-20-upper,0.0057
EURCAD060-40-upper,0.0119
EURCAD060-60-upper,0.0208
EURCAD060-80-upper,0.037000000000000026
EURCAD060-100-upper,0.0724
EURCAD090-100-lower,-0.0615
EURCAD090-80-lower,-0.03152
EURCAD090-60-lower,-0.021919999999999995
EURCAD090-40-lower,-0.015380000000000001
EURCAD090-20-lower,-0.0073
EURCAD090-0-lower,-0.0001
EURCAD090-0-upper,0.0
EURCAD090-20-upper,0.006420000000000002
EURCAD090-40-upper,0.0175
EURCAD090-60-upper,0.026659999999999996
EURCAD090-80-upper,0.04394000000000001
EURCAD090-100-upper,0.0958
EURCAD100-100-lower,-0.0678
EURCAD100-80-lower,-0.034879999999999994
EURCAD100-60-lower,-0.02648
EURCAD100-40-lower,-0.0171
EURCAD100-20-lower,-0.007519999999999993
EURCAD100-0-lower,-0.0003
EURCAD100-0-upper,0.0
EURCAD100-20-upper,0.00576
EURCAD100-40-upper,0.016520000000000003
EURCAD100-60-upper,0.028739999999999995
EURCAD100-80-upper,0.04104000000000002
EURCAD100-100-upper,0.0999
EURCAD180-100-lower,-0.0613
EURCAD180-80-lower,-0.0372
EURCAD180-60-lower,-0.0288
EURCAD180-40-lower,-0.0168
EURCAD180-20-lower,-0.0081
EURCAD180-0-lower,-0.0001
EURCAD180-0-upper,0.0
EURCAD180-20-upper,0.008320000000000001
EURCAD180-40-upper,0.01808
EURCAD180-60-upper,0.036559999999999995
EURCAD180-80-upper,0.05586
EURCAD180-100-upper,0.1079
EURCAD270-100-lower,-0.0935
EURCAD270-80-lower,-0.0446
EURCAD270-60-lower,-0.02728
EURCAD270-40-lower,-0.0176
EURCAD270-20-lower,-0.009959999999999997
EURCAD270-0-lower,-0.0005
EURCAD270-0-upper,0.0
EURCAD270-20-upper,0.013579999999999998
EURCAD270-40-upper,0.03122
EURCAD270-60-upper,0.0442
EURCAD270-80-upper,0.056859999999999994
EURCAD270-100-upper,0.0929
EURCAD365-100-lower,-0.1206
EURCAD365-80-lower,-0.051419999999999993
EURCAD365-60-lower,-0.03884
EURCAD365-40-lower,-0.02536
EURCAD365-20-lower,-0.011039999999999986
EURCAD365-0-lower,-0.0001
EURCAD365-0-upper,0.0
EURCAD365-20-upper,0.011040000000000005
EURCAD365-40-upper,0.02328000000000001
EURCAD365-60-upper,0.03924
EURCAD365-80-upper,0.07706000000000002
EURCAD365-100-upper,0.1306
EURCHF007-100-lower,-0.0231
EURCHF007-80-lower,-0.007019999999999999
EURCHF007-60-lower,-0.0046
EURCHF007-40-lower,-0.002760000000000002
EURCHF007-20-lower,-0.0015
EURCHF007-0-lower,-0.0001
EURCHF007-0-upper,0.0
EURCHF007-20-upper,0.0014
EURCHF007-40-upper,0.0027
EURCHF007-60-upper,0.0045
EURCHF007-80-upper,0.007
EURCHF007-100-upper,0.039
EURCHF014-100-lower,-0.035
EURCHF014-80-lower,-0.010419999999999999
EURCHF014-60-lower,-0.006219999999999998
EURCHF014-40-lower,-0.0038
EURCHF014-20-lower,-0.0018999999999999998
EURCHF014-0-lower,-0.0001
EURCHF014-0-upper,0.0
EURCHF014-20-upper,0.002
EURCHF014-40-upper,0.0043
EURCHF014-60-upper,0.0068000000000000005
EURCHF014-80-upper,0.009840000000000005
EURCHF014-100-upper,0.0461
EURCHF021-100-lower,-0.0374
EURCHF021-80-lower,-0.0128
EURCHF021-60-lower,-0.0077
EURCHF021-40-lower,-0.005
EURCHF021-20-lower,-0.0028599999999999962
EURCHF021-0-lower,-0.0001
EURCHF021-0-upper,0.0
EURCHF021-20-upper,0.0023
EURCHF021-40-upper,0.0054
EURCHF021-60-upper,0.0082
EURCHF021-80-upper,0.013720000000000003
EURCHF021-100-upper,0.0448
EURCHF030-100-lower,-0.0376
EURCHF030-80-lower,-0.01668
EURCHF030-60-lower,-0.010159999999999999
EURCHF030-40-lower,-0.006040000000000001
EURCHF030-20-lower,-0.0028
EURCHF030-0-lower,-0.0001
EURCHF030-0-upper,0.0
EURCHF030-20-upper,0.0031
EURCHF030-40-upper,0.0066
EURCHF030-60-upper,0.0115
EURCHF030-80-upper,0.0163
EURCHF030-100-upper,0.051
EURCHF045-100-lower,-0.0392
EURCHF045-80-lower,-0.02036
EURCHF045-60-lower,-0.0138
EURCHF045-40-lower,-0.00858
EURCHF045-20-lower,-0.004
EURCHF045-0-lower,-0.0001
EURCHF045-0-upper,0.0
EURCHF045-20-upper,0.0036
EURCHF045-40-upper,0.0078
EURCHF045-60-upper,0.012
EURCHF045-80-upper,0.0192
EURCHF045-100-upper,0.0576
EURCHF060-100-lower,-0.0389
EURCHF060-80-lower,-0.021679999999999998
EURCHF060-60-lower,-0.015299999999999998
EURCHF060-40-lower,-0.01014
EURCHF060-20-lower,-0.0057
EURCHF060-0-lower,-0.0001
EURCHF060-0-upper,0.0
EURCHF060-20-upper,0.00442
EURCHF060-40-upper,0.00924
EURCHF060-60-upper,0.01426
EURCHF060-80-upper,0.021120000000000007
EURCHF060-100-upper,0.0583
EURCHF090-100-lower,-0.0482
EURCHF090-80-lower,-0.02294
EURCHF090-60-lower,-0.015219999999999997
EURCHF090-40-lower,-0.01088
EURCHF090-20-lower,-0.0056
EURCHF090-0-lower,-0.0001
EURCHF090-0-upper,0.0
EURCHF090-20-upper,0.004560000000000001
EURCHF090-40-upper,0.012320000000000001
EURCHF090-60-upper,0.02208
EURCHF090-80-upper,0.03524
EURCHF090-100-upper,0.0683
EURCHF100-100-lower,-0.057
EURCHF100-80-lower,-0.02348
EURCHF100-60-lower,-0.014719999999999999
EURCHF100-40-lower,-0.0108
EURCHF100-20-lower,-0.005939999999999997
EURCHF100-0-lower,-0.0002
EURCHF100-0-upper,0.0
EURCHF100-20-upper,0.005
EURCHF100-40-upper,0.0128
EURCHF100-60-upper,0.0225
EURCHF100-80-upper,0.0412
EURCHF100-100-upper,0.0676
EURCHF180-100-lower,-0.0514
EURCHF180-80-lower,-0.03284
EURCHF180-60-lower,-0.02178
EURCHF180-40-lower,-0.0148
EURCHF180-20-lower,-0.008919999999999992
EURCHF180-0-lower,-0.0001
EURCHF180-0-upper,0.0
EURCHF180-20-upper,0.0099
EURCHF180-40-upper,0.02144
EURCHF180-60-upper,0.05405999999999982
EURCHF180-80-upper,0.0695
EURCHF180-100-upper,0.083
EURCHF270-100-lower,-0.0612
EURCHF270-80-lower,-0.0372
EURCHF270-60-lower,-0.02642
EURCHF270-40-lower,-0.01888
EURCHF270-20-lower,-0.011
EURCHF270-0-lower,-0.0001
EURCHF270-0-upper,0.0003
EURCHF270-20-upper,0.01
EURCHF270-40-upper,0.0558
EURCHF270-60-upper,0.0695
EURCHF270-80-upper,0.0842
EURCHF270-100-upper,0.1037
EURCHF365-100-lower,-0.0551
EURCHF365-80-lower,-0.04146
EURCHF365-60-lower,-0.032
EURCHF365-40-lower,-0.02114
EURCHF365-20-lower,-0.015
EURCHF365-0-lower,-0.001
EURCHF365-0-upper,0.0002
EURCHF365-20-upper,0.045020000000000004
EURCHF365-40-upper,0.05922000000000001
EURCHF365-60-upper,0.08044
EURCHF365-80-upper,0.09136
EURCHF365-100-upper,0.1213
EURCNY007-100-lower,-0.0236
EURCNY007-80-lower,-0.00958
EURCNY007-60-lower,-0.0065
EURCNY007-40-lower,-0.004
EURCNY007-20-lower,-0.0019199999999999987
EURCNY007-0-lower,-0.0
EURCNY007-0-upper,0.0001
EURCNY007-20-upper,0.002
EURCNY007-40-upper,0.004359999999999999
EURCNY007-60-upper,0.0067
EURCNY007-80-upper,0.011319999999999998
EURCNY007-100-upper,0.037
EURCNY014-100-lower,-0.031
EURCNY014-80-lower,-0.0126
EURCNY014-60-lower,-0.0089
EURCNY014-40-lower,-0.0059
EURCNY014-20-lower,-0.0027
EURCNY014-0-lower,-0.0
EURCNY014-0-upper,0.0
EURCNY014-20-upper,0.0031
EURCNY014-40-upper,0.0065
EURCNY014-60-upper,0.0106
EURCNY014-80-upper,0.0165
EURCNY014-100-upper,0.037
EURCNY021-100-lower,-0.0289
EURCNY021-80-lower,-0.014000000000000002
EURCNY021-60-lower,-0.009939999999999997
EURCNY021-40-lower,-0.0064
EURCNY021-20-lower,-0.0033
EURCNY021-0-lower,-0.0001
EURCNY021-0-upper,0.0
EURCNY021-20-upper,0.0035
EURCNY021-40-upper,0.0077
EURCNY021-60-upper,0.014479999999999998
EURCNY021-80-upper,0.0205
EURCNY021-100-upper,0.0477
EURCNY030-100-lower,-0.0338
EURCNY030-80-lower,-0.015119999999999998
EURCNY030-60-lower,-0.0103
EURCNY030-40-lower,-0.0069
EURCNY030-20-lower,-0.0037999999999999996
EURCNY030-0-lower,-0.0
EURCNY030-0-upper,0.0
EURCNY030-20-upper,0.003460000000000001
EURCNY030-40-upper,0.009540000000000003
EURCNY030-60-upper,0.015659999999999997
EURCNY030-80-upper,0.0238
EURCNY030-100-upper,0.0593
EURCNY045-100-lower,-0.0407
EURCNY045-80-lower,-0.019659999999999997
EURCNY045-60-lower,-0.012979999999999995
EURCNY045-40-lower,-0.0093
EURCNY045-20-lower,-0.0051
EURCNY045-0-lower,-0.0
EURCNY045-0-upper,0.0001
EURCNY045-20-upper,0.0046
EURCNY045-40-upper,0.0099
EURCNY045-60-upper,0.0156
EURCNY045-80-upper,0.0255
EURCNY045-100-upper,0.0725
EURCNY060-100-lower,-0.0459
EURCNY060-80-lower,-0.02344
EURCNY060-60-lower,-0.016139999999999995
EURCNY060-40-lower,-0.010320000000000001
EURCNY060-20-lower,-0.0054
EURCNY060-0-lower,-0.0
EURCNY060-0-upper,0.0
EURCNY060-20-upper,0.006360000000000003
EURCNY060-40-upper,0.0128
EURCNY060-60-upper,0.020239999999999994
EURCNY060-80-upper,0.03402000000000001
EURCNY060-100-upper,0.0725
EURCNY090-100-lower,-0.0524
EURCNY090-80-lower,-0.030539999999999998
EURCNY090-60-lower,-0.023
EURCNY090-40-lower,-0.013940000000000003
EURCNY090-20-lower,-0.0063
EURCNY090-0-lower,-0.0
EURCNY090-0-upper,0.0
EURCNY090-20-upper,0.005880000000000001
EURCNY090-40-upper,0.0143
EURCNY090-60-upper,0.02454
EURCNY090-80-upper,0.04172000000000001
EURCNY090-100-upper,0.0769
EURCNY100-100-lower,-0.0619
EURCNY100-80-lower,-0.0325
EURCNY100-60-lower,-0.024179999999999997
EURCNY100-40-lower,-0.013980000000000006
EURCNY100-20-lower,-0.0062599999999999965
EURCNY100-0-lower,-0.0001
EURCNY100-0-upper,0.0001
EURCNY100-20-upper,0.0072200000000000025
EURCNY100-40-upper,0.016540000000000003
EURCNY100-60-upper,0.027039999999999995
EURCNY100-80-upper,0.04302000000000002
EURCNY100-100-upper,0.0879
EURCNY180-100-lower,-0.06
EURCNY180-80-lower,-0.03678
EURCNY180-60-lower,-0.0222
EURCNY180-40-lower,-0.012080000000000002
EURCNY180-20-lower,-0.005519999999999998
EURCNY180-0-lower,-0.0001
EURCNY180-0-upper,0.0
EURCNY180-20-upper,0.01
EURCNY180-40-upper,0.0229
EURCNY180-60-upper,0.0358
EURCNY180-80-upper,0.0546
EURCNY180-100-upper,0.0916
EURCNY270-100-lower,-0.0595
EURCNY270-80-lower,-0.034
EURCNY270-60-lower,-0.0258
EURCNY270-40-lower,-0.0131
EURCNY270-20-lower,-0.0055
EURCNY270-0-lower,-0.0001
EURCNY270-0-upper,0.0
EURCNY270-20-upper,0.00914
EURCNY270-40-upper,0.0177
EURCNY270-60-upper,0.02792
EURCNY270-80-upper,0.0575
EURCNY270-100-upper,0.0874
EURCNY365-100-lower,-0.0427
EURCNY365-80-lower,-0.027159999999999997
EURCNY365-60-lower,-0.020819999999999998
EURCNY365-40-lower,-0.013320000000000009
EURCNY365-20-lower,-0.006719999999999993
EURCNY365-0-lower,-0.0001
EURCNY365-0-upper,0.0
EURCNY365-20-upper,0.01122
EURCNY365-40-upper,0.0236
EURCNY365-60-upper,0.042019999999999995
EURCNY365-80-upper,0.05858
EURCNY365-100-upper,0.0899
EURDKK007-100-lower,-0.0029
EURDKK007-80-lower,-0.0005
EURDKK007-60-lower,-0.0003
EURDKK007-40-lower,-0.0002
EURDKK007-20-lower,-0.0001
EURDKK007-0-lower,-0.0
EURDKK007-0-upper,0.0
EURDKK007-20-upper,0.0001
EURDKK007-40-upper,0.0002
EURDKK007-60-upper,0.0003
EURDKK007-80-upper,0.0005
EURDKK007-100-upper,0.0026
EURDKK014-100-lower,-0.0024
EURDKK014-80-lower,-0.0006
EURDKK014-60-lower,-0.0003
EURDKK014-40-lower,-0.0002
EURDKK014-20-lower,-0.0001
EURDKK014-0-lower,-0.0
EURDKK014-0-upper,0.0
EURDKK014-20-upper,0.0001
EURDKK014-40-upper,0.0002
EURDKK014-60-upper,0.0004
EURDKK014-80-upper,0.0006
EURDKK014-100-upper,0.0028
EURDKK021-100-lower,-0.0024
EURDKK021-80-lower,-0.0007
EURDKK021-60-lower,-0.0004
EURDKK021-40-lower,-0.0003
EURDKK021-20-lower,-0.0001
EURDKK021-0-lower,-0.0
EURDKK021-0-upper,0.0
EURDKK021-20-upper,0.0001
EURDKK021-40-upper,0.00024000000000000058
EURDKK021-60-upper,0.0004
EURDKK021-80-upper,0.0006
EURDKK021-100-upper,0.0023
EURDKK030-100-lower,-0.0023
EURDKK030-80-lower,-0.0007
EURDKK030-60-lower,-0.0005
EURDKK030-40-lower,-0.0003
EURDKK030-20-lower,-0.0001
EURDKK030-0-lower,-0.0
EURDKK030-0-upper,0.0
EURDKK030-20-upper,0.0001
EURDKK030-40-upper,0.0003
EURDKK030-60-upper,0.0005
EURDKK030-80-upper,0.0007
EURDKK030-100-upper,0.0027
EURDKK045-100-lower,-0.0021
EURDKK045-80-lower,-0.0008
EURDKK045-60-lower,-0.0005
EURDKK045-40-lower,-0.0003
EURDKK045-20-lower,-0.0001
EURDKK045-0-lower,-0.0
EURDKK045-0-upper,0.0
EURDKK045-20-upper,0.0002
EURDKK045-40-upper,0.0003
EURDKK045-60-upper,0.0005
EURDKK045-80-upper,0.0007
EURDKK045-100-upper,0.003
EURDKK060-100-lower,-0.0029
EURDKK060-80-lower,-0.0009
EURDKK060-60-lower,-0.0005
EURDKK060-40-lower,-0.0003
EURDKK060-20-lower,-0.0001
EURDKK060-0-lower,-0.0
EURDKK060-0-upper,0.0
EURDKK060-20-upper,0.0002
EURDKK060-40-upper,0.0004
EURDKK060-60-upper,0.0006
EURDKK060-80-upper,0.0008
EURDKK060-100-upper,0.0028
EURDKK090-100-lower,-0.003
EURDKK090-80-lower,-0.001
EURDKK090-60-lower,-0.0006
EURDKK090-40-lower,-0.0003
EURDKK090-20-lower,-0.0002
EURDKK090-0-lower,-0.0
EURDKK090-0-upper,0.0
EURDKK090-20-upper,0.0002
EURDKK090-40-upper,0.0005
EURDKK090-60-upper,0.0007
EURDKK090-80-upper,0.001
EURDKK090-100-upper,0.0024
EURDKK100-100-lower,-0.0035
EURDKK100-80-lower,-0.0009
EURDKK100-60-lower,-0.0005
EURDKK100-40-lower,-0.0003
EURDKK100-20-lower,-0.0002
EURDKK100-0-lower,-0.0
EURDKK100-0-upper,0.0
EURDKK100-20-upper,0.0003
EURDKK100-40-upper,0.0005
EURDKK100-60-upper,0.0007
EURDKK100-80-upper,0.001
EURDKK100-100-upper,0.0026
EURDKK180-100-lower,-0.0033
EURDKK180-80-lower,-0.0009
EURDKK180-60-lower,-0.0006
EURDKK180-40-lower,-0.0003
EURDKK180-20-lower,-0.0001
EURDKK180-0-lower,-0.0
EURDKK180-0-upper,0.0
EURDKK180-20-upper,0.0004
EURDKK180-40-upper,0.0007
EURDKK180-60-upper,0.001
EURDKK180-80-upper,0.0015
EURDKK180-100-upper,0.0029
EURDKK270-100-lower,-0.0042
EURDKK270-80-lower,-0.0023
EURDKK270-60-lower,-0.0011
EURDKK270-40-lower,-0.0005
EURDKK270-20-lower,-0.0003
EURDKK270-0-lower,-0.0
EURDKK270-0-upper,0.0
EURDKK270-20-upper,0.0008
EURDKK270-40-upper,0.0012
EURDKK270-60-upper,0.0016
EURDKK270-80-upper,0.0021
EURDKK270-100-upper,0.0037
EURDKK365-100-lower,-0.005
EURDKK365-80-lower,-0.00358
EURDKK365-60-lower,-0.0016599999999999996
EURDKK365-40-lower,-0.0006
EURDKK365-20-lower,-0.0003
EURDKK365-0-lower,-0.0
EURDKK365-0-upper,0.0
EURDKK365-20-upper,0.0009
EURDKK365-40-upper,0.0017
EURDKK365-60-upper,0.0021
EURDKK365-80-upper,0.0026
EURDKK365-100-upper,0.0048
EURGBP007-100-lower,-0.0365
EURGBP007-80-lower,-0.0123
EURGBP007-60-lower,-0.0083
EURGBP007-40-lower,-0.0048
EURGBP007-20-lower,-0.0025
EURGBP007-0-lower,-0.0001
EURGBP007-0-upper,0.0
EURGBP007-20-upper,0.0021
EURGBP007-40-upper,0.0043
EURGBP007-60-upper,0.0074
EURGBP007-80-upper,0.0119
EURGBP007-100-upper,0.0399
EURGBP014-100-lower,-0.0475
EURGBP014-80-lower,-0.0179
EURGBP014-60-lower,-0.0119
EURGBP014-40-lower,-0.0077
EURGBP014-20-lower,-0.0039
EURGBP014-0-lower,-0.0001
EURGBP014-0-upper,0.0
EURGBP014-20-upper,0.0033
EURGBP014-40-upper,0.0066
EURGBP014-60-upper,0.0101
EURGBP014-80-upper,0.0158
EURGBP014-100-upper,0.0589
EURGBP021-100-lower,-0.0592
EURGBP021-80-lower,-0.0207
EURGBP021-60-lower,-0.0152
EURGBP021-40-lower,-0.009
EURGBP021-20-lower,-0.0047
EURGBP021-0-lower,-0.0001
EURGBP021-0-upper,0.0001
EURGBP021-20-upper,0.0047
EURGBP021-40-upper,0.008
EURGBP021-60-upper,0.013
EURGBP021-80-upper,0.0204
EURGBP021-100-upper,0.0618
EURGBP030-100-lower,-0.0704
EURGBP030-80-lower,-0.027920000000000004
EURGBP030-60-lower,-0.0171
EURGBP030-40-lower,-0.0099
EURGBP030-20-lower,-0.005280000000000002
EURGBP030-0-lower,-0.0001
EURGBP030-0-upper,0.0
EURGBP030-20-upper,0.0051
EURGBP030-40-upper,0.0097
EURGBP030-60-upper,0.015719999999999998
EURGBP030-80-upper,0.02548000000000001
EURGBP030-100-upper,0.0708
EURGBP045-100-lower,-0.0739
EURGBP045-80-lower,-0.0315
EURGBP045-60-lower,-0.02232
EURGBP045-40-lower,-0.01238
EURGBP045-20-lower,-0.0054
EURGBP045-0-lower,-0.0001
EURGBP045-0-upper,0.0
EURGBP045-20-upper,0.0058
EURGBP045-40-upper,0.0112
EURGBP045-60-upper,0.0181
EURGBP045-80-upper,0.0307
EURGBP045-100-upper,0.0757
EURGBP060-100-lower,-0.0791
EURGBP060-80-lower,-0.028
EURGBP060-60-lower,-0.01808
EURGBP060-40-lower,-0.010720000000000002
EURGBP060-20-lower,-0.005459999999999996
EURGBP060-0-lower,-0.0002
EURGBP060-0-upper,0.0001
EURGBP060-20-upper,0.006980000000000001
EURGBP060-40-upper,0.015360000000000002
EURGBP060-60-upper,0.0243
EURGBP060-80-upper,0.035760000000000014
EURGBP060-100-upper,0.0759
EURGBP090-100-lower,-0.0592
EURGBP090-80-lower,-0.03064
EURGBP090-60-lower,-0.01752
EURGBP090-40-lower,-0.0119
EURGBP090-20-lower,-0.006339999999999998
EURGBP090-0-lower,-0.0003
EURGBP090-0-upper,0.0001
EURGBP090-20-upper,0.007260000000000001
EURGBP090-40-upper,0.014699999999999998
EURGBP090-60-upper,0.026379999999999997
EURGBP090-80-upper,0.045020000000000004
EURGBP090-100-upper,0.0819
EURGBP100-100-lower,-0.0577
EURGBP100-80-lower,-0.031539999999999985
EURGBP100-60-lower,-0.017139999999999996
EURGBP100-40-lower,-0.01102
EURGBP100-20-lower,-0.005659999999999997
EURGBP100-0-lower,-0.0001
EURGBP100-0-upper,0.0002
EURGBP100-20-upper,0.007960000000000002
EURGBP100-40-upper,0.014620000000000001
EURGBP100-60-upper,0.027039999999999995
EURGBP100-80-upper,0.05016000000000001
EURGBP100-100-upper,0.1317
EURGBP180-100-lower,-0.0681
EURGBP180-80-lower,-0.032780000000000004
EURGBP180-60-lower,-0.020319999999999998
EURGBP180-40-lower,-0.012980000000000002
EURGBP180-20-lower,-0.0067
EURGBP180-0-lower,-0.0002
EURGBP180-0-upper,0.0
EURGBP180-20-upper,0.0107
EURGBP180-40-upper,0.0204
EURGBP180-60-upper,0.0355
EURGBP180-80-upper,0.0573
EURGBP180-100-upper,0.1495
EURGBP270-100-lower,-0.0565
EURGBP270-80-lower,-0.029240000000000002
EURGBP270-60-lower,-0.019479999999999997
EURGBP270-40-lower,-0.012840000000000004
EURGBP270-20-lower,-0.0053399999999999975
EURGBP270-0-lower,-0.0002
EURGBP270-0-upper,0.0
EURGBP270-20-upper,0.010960000000000001
EURGBP270-40-upper,0.0241
EURGBP270-60-upper,0.04053999999999999
EURGBP270-80-upper,0.08372
EURGBP270-100-upper,0.2062
EURGBP365-100-lower,-0.0432
EURGBP365-80-lower,-0.02078
EURGBP365-60-lower,-0.0145
EURGBP365-40-lower,-0.00944
EURGBP365-20-lower,-0.0047
EURGBP365-0-lower,-0.0001
EURGBP365-0-upper,0.0
EURGBP365-20-upper,0.0122
EURGBP365-40-upper,0.02278
EURGBP365-60-upper,0.045759999999999995
EURGBP365-80-upper,0.0853
EURGBP365-100-upper,0.1622
EURIDR007-100-lower,-0.0427
EURIDR007-80-lower,-0.0119
EURIDR007-60-lower,-0.0077
EURIDR007-40-lower,-0.0052
EURIDR007-20-lower,-0.0024199999999999985
EURIDR007-0-lower,-0.0
EURIDR007-0-upper,0.0
EURIDR007-20-upper,0.0023
EURIDR007-40-upper,0.004960000000000003
EURIDR007-60-upper,0.007739999999999998
EURIDR007-80-upper,0.0131
EURIDR007-100-upper,0.0259
EURIDR014-100-lower,-0.0436
EURIDR014-80-lower,-0.0172
EURIDR014-60-lower,-0.0115
EURIDR014-40-lower,-0.007220000000000002
EURIDR014-20-lower,-0.0034
EURIDR014-0-lower,-0.0001
EURIDR014-0-upper,0.0
EURIDR014-20-upper,0.0034
EURIDR014-40-upper,0.007280000000000001
EURIDR014-60-upper,0.01142
EURIDR014-80-upper,0.01894000000000001
EURIDR014-100-upper,0.0383
EURIDR021-100-lower,-0.0505
EURIDR021-80-lower,-0.021979999999999996
EURIDR021-60-lower,-0.01466
EURIDR021-40-lower,-0.0086
EURIDR021-20-lower,-0.004119999999999999
EURIDR021-0-lower,-0.0002
EURIDR021-0-upper,0.0
EURIDR021-20-upper,0.004780000000000001
EURIDR021-40-upper,0.0094
EURIDR021-60-upper,0.015439999999999999
EURIDR021-80-upper,0.0225
EURIDR021-100-upper,0.0486
EURIDR030-100-lower,-0.0622
EURIDR030-80-lower,-0.0249
EURIDR030-60-lower,-0.0175
EURIDR030-40-lower,-0.0116
EURIDR030-20-lower,-0.0056
EURIDR030-0-lower,-0.0
EURIDR030-0-upper,0.0
EURIDR030-20-upper,0.0055
EURIDR030-40-upper,0.0118
EURIDR030-60-upper,0.0187
EURIDR030-80-upper,0.026660000000000003
EURIDR030-100-upper,0.0528
EURIDR045-100-lower,-0.08
EURIDR045-80-lower,-0.031120000000000002
EURIDR045-60-lower,-0.019540000000000002
EURIDR045-40-lower,-0.011719999999999998
EURIDR045-20-lower,-0.0052
EURIDR045-0-lower,-0.0
EURIDR045-0-upper,0.0
EURIDR045-20-upper,0.0063
EURIDR045-40-upper,0.012480000000000007
EURIDR045-60-upper,0.022620000000000005
EURIDR045-80-upper,0.03538
EURIDR045-100-upper,0.0676
EURIDR060-100-lower,-0.0744
EURIDR060-80-lower,-0.0352
EURIDR060-60-lower,-0.024059999999999998
EURIDR060-40-lower,-0.01472
EURIDR060-20-lower,-0.0068
EURIDR060-0-lower,-0.0002
EURIDR060-0-upper,0.0001
EURIDR060-20-upper,0.0086
EURIDR060-40-upper,0.016520000000000007
EURIDR060-60-upper,0.029439999999999997
EURIDR060-80-upper,0.0437
EURIDR060-100-upper,0.0678
EURIDR090-100-lower,-0.0854
EURIDR090-80-lower,-0.0414
EURIDR090-60-lower,-0.0279
EURIDR090-40-lower,-0.0164
EURIDR090-20-lower,-0.0082
EURIDR090-0-lower,-0.0001
EURIDR090-0-upper,0.0
EURIDR090-20-upper,0.0097
EURIDR090-40-upper,0.0254
EURIDR090-60-upper,0.0445
EURIDR090-80-upper,0.0599
EURIDR090-100-upper,0.0857
EURIDR100-100-lower,-0.0897
EURIDR100-80-lower,-0.0405
EURIDR100-60-lower,-0.029939999999999998
EURIDR100-40-lower,-0.017680000000000008
EURIDR100-20-lower,-0.007479999999999995
EURIDR100-0-lower,-0.0002
EURIDR100-0-upper,0.0001
EURIDR100-20-upper,0.013140000000000002
EURIDR100-40-upper,0.027
EURIDR100-60-upper,0.05064
EURIDR100-80-upper,0.062020000000000006
EURIDR100-100-upper,0.1067
EURIDR180-100-lower,-0.0989
EURIDR180-80-lower,-0.05756
EURIDR180-60-lower,-0.040959999999999996
EURIDR180-40-lower,-0.02894
EURIDR180-20-lower,-0.019639999999999998
EURIDR180-0-lower,-0.0
EURIDR180-0-upper,0.0003
EURIDR180-20-upper,0.0201
EURIDR180-40-upper,0.044
EURIDR180-60-upper,0.0664
EURIDR180-80-upper,0.0796
EURIDR180-100-upper,0.1395
EURIDR270-100-lower,-0.1067
EURIDR270-80-lower,-0.06174
EURIDR270-60-lower,-0.0518
EURIDR270-40-lower,-0.04118000000000001
EURIDR270-20-lower,-0.023099999999999985
EURIDR270-0-lower,-0.0
EURIDR270-0-upper,0.0001
EURIDR270-20-upper,0.04624
EURIDR270-40-upper,0.0707
EURIDR270-60-upper,0.10463999999999998
EURIDR270-80-upper,0.12788000000000002
EURIDR270-100-upper,0.1558
EURIDR365-100-lower,-0.1184
EURIDR365-80-lower,-0.0636
EURIDR365-60-lower,-0.0538
EURIDR365-40-lower,-0.0425
EURIDR365-20-lower,-0.0228
EURIDR365-0-lower,-0.0009
EURIDR365-0-upper,0.003
EURIDR365-20-upper,0.06368000000000001
EURIDR365-40-upper,0.08668000000000001
EURIDR365-60-upper,0.10425999999999999
EURIDR365-80-upper,0.14904
EURIDR365-100-upper,0.2114
EURINR007-100-lower,-0.0257
EURINR007-80-lower,-0.01306
EURINR007-60-lower,-0.0082
EURINR007-40-lower,-0.0051400000000000005
EURINR007-20-lower,-0.0026
EURINR007-0-lower,-0.0001
EURINR007-0-upper,0.0
EURINR007-20-upper,0.0024
EURINR007-40-upper,0.0053
EURINR007-60-upper,0.008439999999999998
EURINR007-80-upper,0.012920000000000004
EURINR007-100-upper,0.0444
EURINR014-100-lower,-0.0411
EURINR014-80-lower,-0.0185
EURINR014-60-lower,-0.012
EURINR014-40-lower,-0.0069
EURINR014-20-lower,-0.0028199999999999987
EURINR014-0-lower,-0.0
EURINR014-0-upper,0.0
EURINR014-20-upper,0.0034
EURINR014-40-upper,0.007060000000000003
EURINR014-60-upper,0.0121
EURINR014-80-upper,0.019480000000000018
EURINR014-100-upper,0.0431
EURINR021-100-lower,-0.0415
EURINR021-80-lower,-0.0226
EURINR021-60-lower,-0.0145
EURINR021-40-lower,-0.0086
EURINR021-20-lower,-0.0042
EURINR021-0-lower,-0.0
EURINR021-0-upper,0.0
EURINR021-20-upper,0.0043
EURINR021-40-upper,0.0093
EURINR021-60-upper,0.0149
EURINR021-80-upper,0.0237
EURINR021-100-upper,0.052
EURINR030-100-lower,-0.0594
EURINR030-80-lower,-0.0246
EURINR030-60-lower,-0.018
EURINR030-40-lower,-0.0111
EURINR030-20-lower,-0.0046
EURINR030-0-lower,-0.0
EURINR030-0-upper,0.0
EURINR030-20-upper,0.00642
EURINR030-40-upper,0.0131
EURINR030-60-upper,0.0193
EURINR030-80-upper,0.028960000000000003
EURINR030-100-upper,0.0611
EURINR045-100-lower,-0.073
EURINR045-80-lower,-0.030399999999999996
EURINR045-60-lower,-0.02222
EURINR045-40-lower,-0.01288
EURINR045-20-lower,-0.0062
EURINR045-0-lower,-0.0001
EURINR045-0-upper,0.0004
EURINR045-20-upper,0.0058
EURINR045-40-upper,0.0149
EURINR045-60-upper,0.0246
EURINR045-80-upper,0.0364
EURINR045-100-upper,0.086
EURINR060-100-lower,-0.0664
EURINR060-80-lower,-0.035160000000000004
EURINR060-60-lower,-0.026340000000000002
EURINR060-40-lower,-0.015299999999999998
EURINR060-20-lower,-0.0068
EURINR060-0-lower,-0.0001
EURINR060-0-upper,0.0
EURINR060-20-upper,0.007560000000000001
EURINR060-40-upper,0.01572
EURINR060-60-upper,0.025979999999999996
EURINR060-80-upper,0.043640000000000005
EURINR060-100-upper,0.0866
EURINR090-100-lower,-0.0689
EURINR090-80-lower,-0.0395
EURINR090-60-lower,-0.0261
EURINR090-40-lower,-0.0166
EURINR090-20-lower,-0.0083
EURINR090-0-lower,-0.0002
EURINR090-0-upper,0.0001
EURINR090-20-upper,0.0111
EURINR090-40-upper,0.0251
EURINR090-60-upper,0.0451
EURINR090-80-upper,0.0579
EURINR090-100-upper,0.0863
EURINR100-100-lower,-0.0701
EURINR100-80-lower,-0.0392
EURINR100-60-lower,-0.0289
EURINR100-40-lower,-0.0188
EURINR100-20-lower,-0.0094
EURINR100-0-lower,-0.0
EURINR100-0-upper,0.0002
EURINR100-20-upper,0.013120000000000001
EURINR100-40-upper,0.026460000000000004
EURINR100-60-upper,0.045939999999999995
EURINR100-80-upper,0.06178
EURINR100-100-upper,0.1003
EURINR180-100-lower,-0.0954
EURINR180-80-lower,-0.0617
EURINR180-60-lower,-0.0465
EURINR180-40-lower,-0.031160000000000004
EURINR180-20-lower,-0.0172
EURINR180-0-lower,-0.0004
EURINR180-0-upper,0.0
EURINR180-20-upper,0.019420000000000003
EURINR180-40-upper,0.03574000000000001
EURINR180-60-upper,0.0476
EURINR180-80-upper,0.061340000000000006
EURINR180-100-upper,0.1293
EURINR270-100-lower,-0.1044
EURINR270-80-lower,-0.06418
EURINR270-60-lower,-0.0478
EURINR270-40-lower,-0.031239999999999997
EURINR270-20-lower,-0.01732
EURINR270-0-lower,-0.0006
EURINR270-0-upper,0.0007
EURINR270-20-upper,0.028540000000000003
EURINR270-40-upper,0.048560000000000006
EURINR270-60-upper,0.07232
EURINR270-80-upper,0.09676
EURINR270-100-upper,0.138
EURINR365-100-lower,-0.1038
EURINR365-80-lower,-0.06426
EURINR365-60-lower,-0.0419
EURINR365-40-lower,-0.02712
EURINR365-20-lower,-0.014959999999999996
EURINR365-0-lower,-0.0004
EURINR365-0-upper,0.0003
EURINR365-20-upper,0.030280000000000005
EURINR365-40-upper,0.056880000000000014
EURINR365-60-upper,0.08231999999999998
EURINR365-80-upper,0.10712
EURINR365-100-upper,0.1839
EURMYR007-100-lower,-0.0227
EURMYR007-80-lower,-0.010280000000000001
EURMYR007-60-lower,-0.0065
EURMYR007-40-lower,-0.0044
EURMYR007-20-lower,-0.0022
EURMYR007-0-lower,-0.0001
EURMYR007-0-upper,0.0
EURMYR007-20-upper,0.002280000000000001
EURMYR007-40-upper,0.004360000000000003
EURMYR007-60-upper,0.0068000000000000005
EURMYR007-80-upper,0.0099
EURMYR007-100-upper,0.0274
EURMYR014-100-lower,-0.0286
EURMYR014-80-lower,-0.0131
EURMYR014-60-lower,-0.0093
EURMYR014-40-lower,-0.0059
EURMYR014-20-lower,-0.0028
EURMYR014-0-lower,-0.0001
EURMYR014-0-upper,0.0
EURMYR014-20-upper,0.0025
EURMYR014-40-upper,0.005
EURMYR014-60-upper,0.0091
EURMYR014-80-upper,0.0152
EURMYR014-100-upper,0.0328
EURMYR021-100-lower,-0.0277
EURMYR021-80-lower,-0.014819999999999998
EURMYR021-60-lower,-0.0107
EURMYR021-40-lower,-0.006760000000000002
EURMYR021-20-lower,-0.0037
EURMYR021-0-lower,-0.0
EURMYR021-0-upper,0.0
EURMYR021-20-upper,0.0033
EURMYR021-40-upper,0.0066
EURMYR021-60-upper,0.0113
EURMYR021-80-upper,0.0177
EURMYR021-100-upper,0.038
EURMYR030-100-lower,-0.0301
EURMYR030-80-lower,-0.01628
EURMYR030-60-lower,-0.0117
EURMYR030-40-lower,-0.008
EURMYR030-20-lower,-0.0043
EURMYR030-0-lower,-0.0
EURMYR030-0-upper,0.0001
EURMYR030-20-upper,0.0037
EURMYR030-40-upper,0.0065
EURMYR030-60-upper,0.0122
EURMYR030-80-upper,0.0197
EURMYR030-100-upper,0.0486
EURMYR045-100-lower,-0.0388
EURMYR045-80-lower,-0.0193
EURMYR045-60-lower,-0.0137
EURMYR045-40-lower,-0.0088
EURMYR045-20-lower,-0.0045
EURMYR045-0-lower,-0.0
EURMYR045-0-upper,0.0001
EURMYR045-20-upper,0.0041
EURMYR045-40-upper,0.008660000000000001
EURMYR045-60-upper,0.015139999999999997
EURMYR045-80-upper,0.0239
EURMYR045-100-upper,0.0649
EURMYR060-100-lower,-0.043
EURMYR060-80-lower,-0.0236
EURMYR060-60-lower,-0.016460000000000002
EURMYR060-40-lower,-0.010680000000000002
EURMYR060-20-lower,-0.005819999999999999
EURMYR060-0-lower,-0.0001
EURMYR060-0-upper,0.0
EURMYR060-20-upper,0.006140000000000001
EURMYR060-40-upper,0.0122
EURMYR060-60-upper,0.01722
EURMYR060-80-upper,0.025300000000000007
EURMYR060-100-upper,0.0634
EURMYR090-100-lower,-0.0502
EURMYR090-80-lower,-0.02996
EURMYR090-60-lower,-0.021519999999999997
EURMYR090-40-lower,-0.0146
EURMYR090-20-lower,-0.007839999999999998
EURMYR090-0-lower,-0.0001
EURMYR090-0-upper,0.0001
EURMYR090-20-upper,0.007260000000000001
EURMYR090-40-upper,0.0156
EURMYR090-60-upper,0.024779999999999996
EURMYR090-80-upper,0.04234
EURMYR090-100-upper,0.0757
EURMYR100-100-lower,-0.0596
EURMYR100-80-lower,-0.0319
EURMYR100-60-lower,-0.022479999999999993
EURMYR100-40-lower,-0.0154
EURMYR100-20-lower,-0.0087
EURMYR100-0-lower,-0.0001
EURMYR100-0-upper,0.0003
EURMYR100-20-upper,0.010680000000000002
EURMYR100-40-upper,0.01786
EURMYR100-60-upper,0.0264
EURMYR100-80-upper,0.04186
EURMYR100-100-upper,0.0798
EURMYR180-100-lower,-0.0601
EURMYR180-80-lower,-0.041639999999999996
EURMYR180-60-lower,-0.033019999999999994
EURMYR180-40-lower,-0.01972
EURMYR180-20-lower,-0.009819999999999994
EURMYR180-0-lower,-0.0
EURMYR180-0-upper,0.0002
EURMYR180-20-upper,0.010720000000000002
EURMYR180-40-upper,0.021120000000000003
EURMYR180-60-upper,0.03378
EURMYR180-80-upper,0.05178000000000001
EURMYR180-100-upper,0.0929
EURMYR270-100-lower,-0.0926
EURMYR270-80-lower,-0.0371
EURMYR270-60-lower,-0.02786
EURMYR270-40-lower,-0.019139999999999997
EURMYR270-20-lower,-0.009839999999999998
EURMYR270-0-lower,-0.0
EURMYR270-0-upper,0.0001
EURMYR270-20-upper,0.015220000000000001
EURMYR270-40-upper,0.03466
EURMYR270-60-upper,0.050159999999999996
EURMYR270-80-upper,0.06526
EURMYR270-100-upper,0.1036
EURMYR365-100-lower,-0.0818
EURMYR365-80-lower,-0.04296
EURMYR365-60-lower,-0.034820000000000004
EURMYR365-40-lower,-0.027820000000000004
EURMYR365-20-lower,-0.0158
EURMYR365-0-lower,-0.0001
EURMYR365-0-upper,0.0002
EURMYR365-20-upper,0.013340000000000001
EURMYR365-40-upper,0.02758
EURMYR365-60-upper,0.0493
EURMYR365-80-upper,0.07986000000000001
EURMYR365-100-upper,0.1384
EURNOK007-100-lower,-0.0202
EURNOK007-80-lower,-0.00868
EURNOK007-60-lower,-0.0059
EURNOK007-40-lower,-0.0036
EURNOK007-20-lower,-0.0018
EURNOK007-0-lower,-0.0001
EURNOK007-0-upper,0.0
EURNOK007-20-upper,0.0021
EURNOK007-40-upper,0.0043
EURNOK007-60-upper,0.0071
EURNOK007-80-upper,0.0106
EURNOK007-100-upper,0.0321
EURNOK014-100-lower,-0.0341
EURNOK014-80-lower,-0.0128
EURNOK014-60-lower,-0.0082
EURNOK014-40-lower,-0.0048
EURNOK014-20-lower,-0.0025
EURNOK014-0-lower,-0.0
EURNOK014-0-upper,0.0
EURNOK014-20-upper,0.0028
EURNOK014-40-upper,0.006
EURNOK014-60-upper,0.0101
EURNOK014-80-upper,0.0168
EURNOK014-100-upper,0.0413
EURNOK021-100-lower,-0.0342
EURNOK021-80-lower,-0.015139999999999999
EURNOK021-60-lower,-0.0102
EURNOK021-40-lower,-0.007020000000000002
EURNOK021-20-lower,-0.0032
EURNOK021-0-lower,-0.0
EURNOK021-0-upper,0.0001
EURNOK021-20-upper,0.0036
EURNOK021-40-upper,0.0073
EURNOK021-60-upper,0.011619999999999998
EURNOK021-80-upper,0.019080000000000007
EURNOK021-100-upper,0.0461
EURNOK030-100-lower,-0.0381
EURNOK030-80-lower,-0.018399999999999996
EURNOK030-60-lower,-0.013600000000000001
EURNOK030-40-lower,-0.008620000000000001
EURNOK030-20-lower,-0.0044
EURNOK030-0-lower,-0.0001
EURNOK030-0-upper,0.0
EURNOK030-20-upper,0.0046
EURNOK030-40-upper,0.0091
EURNOK030-60-upper,0.014280000000000003
EURNOK030-80-upper,0.024060000000000012
EURNOK030-100-upper,0.0433
EURNOK045-100-lower,-0.0387
EURNOK045-80-lower,-0.021579999999999995
EURNOK045-60-lower,-0.0145
EURNOK045-40-lower,-0.0092
EURNOK045-20-lower,-0.004759999999999997
EURNOK045-0-lower,-0.0001
EURNOK045-0-upper,0.0001
EURNOK045-20-upper,0.0067
EURNOK045-40-upper,0.013
EURNOK045-60-upper,0.0211
EURNOK045-80-upper,0.029840000000000005
EURNOK045-100-upper,0.0629
EURNOK060-100-lower,-0.0537
EURNOK060-80-lower,-0.02094
EURNOK060-60-lower,-0.015100000000000002
EURNOK060-40-lower,-0.0095
EURNOK060-20-lower,-0.005219999999999998
EURNOK060-0-lower,-0.0002
EURNOK060-0-upper,0.0
EURNOK060-20-upper,0.00632
EURNOK060-40-upper,0.015040000000000001
EURNOK060-60-upper,0.0237
EURNOK060-80-upper,0.034800000000000005
EURNOK060-100-upper,0.0581
EURNOK090-100-lower,-0.0502
EURNOK090-80-lower,-0.02536
EURNOK090-60-lower,-0.01756
EURNOK090-40-lower,-0.0108
EURNOK090-20-lower,-0.005000000000000001
EURNOK090-0-lower,-0.0002
EURNOK090-0-upper,0.0
EURNOK090-20-upper,0.005680000000000001
EURNOK090-40-upper,0.012320000000000005
EURNOK090-60-upper,0.02189999999999999
EURNOK090-80-upper,0.0404
EURNOK090-100-upper,0.0769
EURNOK100-100-lower,-0.051
EURNOK100-80-lower,-0.02658
EURNOK100-60-lower,-0.0175
EURNOK100-40-lower,-0.0112
EURNOK100-20-lower,-0.004380000000000002
EURNOK100-0-lower,-0.0
EURNOK100-0-upper,0.0
EURNOK100-20-upper,0.007280000000000002
EURNOK100-40-upper,0.01468
EURNOK100-60-upper,0.02392
EURNOK100-80-upper,0.037860000000000005
EURNOK100-100-upper,0.079
EURNOK180-100-lower,-0.0592
EURNOK180-80-lower,-0.03718
EURNOK180-60-lower,-0.02715999999999999
EURNOK180-40-lower,-0.019620000000000002
EURNOK180-20-lower,-0.012619999999999992
EURNOK180-0-lower,-0.0004
EURNOK180-0-upper,0.0001
EURNOK180-20-upper,0.012960000000000001
EURNOK180-40-upper,0.0203
EURNOK180-60-upper,0.028239999999999994
EURNOK180-80-upper,0.0377
EURNOK180-100-upper,0.0649
EURNOK270-100-lower,-0.079
EURNOK270-80-lower,-0.04714
EURNOK270-60-lower,-0.03613999999999999
EURNOK270-40-lower,-0.02342
EURNOK270-20-lower,-0.012900000000000002
EURNOK270-0-lower,-0.0005
EURNOK270-0-upper,0.0
EURNOK270-20-upper,0.0115
EURNOK270-40-upper,0.02032
EURNOK270-60-upper,0.0274
EURNOK270-80-upper,0.038180000000000006
EURNOK270-100-upper,0.1032
EURNOK365-100-lower,-0.0827
EURNOK365-80-lower,-0.05686
EURNOK365-60-lower,-0.03264
EURNOK365-40-lower,-0.011780000000000002
EURNOK365-20-lower,-0.0038
EURNOK365-0-lower,-0.0
EURNOK365-0-upper,0.0
EURNOK365-20-upper,0.0102
EURNOK365-40-upper,0.0169
EURNOK365-60-upper,0.029519999999999998
EURNOK365-80-upper,0.04918
EURNOK365-100-upper,0.1043
EURQAR007-100-lower,-0.0469
EURQAR007-80-lower,-0.01234
EURQAR007-60-lower,-0.0084
EURQAR007-40-lower,-0.005
EURQAR007-20-lower,-0.0022
EURQAR007-0-lower,-0.0
EURQAR007-0-upper,0.0
EURQAR007-20-upper,0.0023400000000000005
EURQAR007-40-upper,0.004880000000000001
EURQAR007-60-upper,0.0076
EURQAR007-80-upper,0.0129
EURQAR007-100-upper,0.0463
EURQAR014-100-lower,-0.0494
EURQAR014-80-lower,-0.01658
EURQAR014-60-lower,-0.0105
EURQAR014-40-lower,-0.0062
EURQAR014-20-lower,-0.0032
EURQAR014-0-lower,-0.0001
EURQAR014-0-upper,0.0
EURQAR014-20-upper,0.0032
EURQAR014-40-upper,0.0066
EURQAR014-60-upper,0.0099
EURQAR014-80-upper,0.016460000000000016
EURQAR014-100-upper,0.0441
EURQAR021-100-lower,-0.0599
EURQAR021-80-lower,-0.0196
EURQAR021-60-lower,-0.0119
EURQAR021-40-lower,-0.007060000000000003
EURQAR021-20-lower,-0.0031799999999999953
EURQAR021-0-lower,-0.0001
EURQAR021-0-upper,0.0
EURQAR021-20-upper,0.0028
EURQAR021-40-upper,0.0064
EURQAR021-60-upper,0.0132
EURQAR021-80-upper,0.022
EURQAR021-100-upper,0.044
EURQAR030-100-lower,-0.0609
EURQAR030-80-lower,-0.02216
EURQAR030-60-lower,-0.013319999999999999
EURQAR030-40-lower,-0.0082
EURQAR030-20-lower,-0.0042
EURQAR030-0-lower,-0.0001
EURQAR030-0-upper,0.0
EURQAR030-20-upper,0.00418
EURQAR030-40-upper,0.00986
EURQAR030-60-upper,0.017460000000000003
EURQAR030-80-upper,0.027719999999999998
EURQAR030-100-upper,0.0547
EURQAR045-100-lower,-0.066
EURQAR045-80-lower,-0.028499999999999998
EURQAR045-60-lower,-0.0154
EURQAR045-40-lower,-0.009540000000000003
EURQAR045-20-lower,-0.004819999999999999
EURQAR045-0-lower,-0.0
EURQAR045-0-upper,0.0001
EURQAR045-20-upper,0.0054
EURQAR045-40-upper,0.013260000000000003
EURQAR045-60-upper,0.02252
EURQAR045-80-upper,0.03792000000000001
EURQAR045-100-upper,0.0693
EURQAR060-100-lower,-0.0659
EURQAR060-80-lower,-0.03378
EURQAR060-60-lower,-0.0203
EURQAR060-40-lower,-0.011140000000000004
EURQAR060-20-lower,-0.0059599999999999966
EURQAR060-0-lower,-0.0
EURQAR060-0-upper,0.0002
EURQAR060-20-upper,0.006020000000000001
EURQAR060-40-upper,0.012640000000000002
EURQAR060-60-upper,0.029179999999999998
EURQAR060-80-upper,0.04598
EURQAR060-100-upper,0.0791
EURQAR090-100-lower,-0.0722
EURQAR090-80-lower,-0.04134
EURQAR090-60-lower,-0.023679999999999996
EURQAR090-40-lower,-0.0138
EURQAR090-20-lower,-0.0068
EURQAR090-0-lower,-0.0001
EURQAR090-0-upper,0.0
EURQAR090-20-upper,0.0063
EURQAR090-40-upper,0.01904
EURQAR090-60-upper,0.04054
EURQAR090-80-upper,0.06428
EURQAR090-100-upper,0.1058
EURQAR100-100-lower,-0.0748
EURQAR100-80-lower,-0.04532
EURQAR100-60-lower,-0.02384
EURQAR100-40-lower,-0.014960000000000001
EURQAR100-20-lower,-0.007879999999999996
EURQAR100-0-lower,-0.0001
EURQAR100-0-upper,0.0
EURQAR100-20-upper,0.007640000000000001
EURQAR100-40-upper,0.021100000000000008
EURQAR100-60-upper,0.04291999999999999
EURQAR100-80-upper,0.06918
EURQAR100-100-upper,0.111
EURQAR180-100-lower,-0.0927
EURQAR180-80-lower,-0.052399999999999995
EURQAR180-60-lower,-0.03582
EURQAR180-40-lower,-0.0245
EURQAR180-20-lower,-0.0166
EURQAR180-0-lower,-0.0001
EURQAR180-0-upper,0.0
EURQAR180-20-upper,0.022260000000000002
EURQAR180-40-upper,0.047240000000000004
EURQAR180-60-upper,0.08023999999999999
EURQAR180-80-upper,0.12
EURQAR180-100-upper,0.1527
EURQAR270-100-lower,-0.1029
EURQAR270-80-lower,-0.061399999999999996
EURQAR270-60-lower,-0.0418
EURQAR270-40-lower,-0.031439999999999996
EURQAR270-20-lower,-0.022259999999999995
EURQAR270-0-lower,-0.0
EURQAR270-0-upper,0.0007
EURQAR270-20-upper,0.03396000000000001
EURQAR270-40-upper,0.08598
EURQAR270-60-upper,0.11242
EURQAR270-80-upper,0.13782
EURQAR270-100-upper,0.1878
EURQAR365-100-lower,-0.0981
EURQAR365-80-lower,-0.0694
EURQAR365-60-lower,-0.0484
EURQAR365-40-lower,-0.0393
EURQAR365-20-lower,-0.0306
EURQAR365-0-lower,-0.0001
EURQAR365-0-upper,0.0001
EURQAR365-20-upper,0.0483
EURQAR365-40-upper,0.07832
EURQAR365-60-upper,0.11509999999999997
EURQAR365-80-upper,0.14912000000000003
EURQAR365-100-upper,0.182
EURRUB007-100-lower,-0.0596
EURRUB007-80-lower,-0.0177
EURRUB007-60-lower,-0.012
EURRUB007-40-lower,-0.008
EURRUB007-20-lower,-0.003939999999999997
EURRUB007-0-lower,-0.0
EURRUB007-0-upper,0.0001
EURRUB007-20-upper,0.0032
EURRUB007-40-upper,0.007120000000000002
EURRUB007-60-upper,0.01168
EURRUB007-80-upper,0.0191
EURRUB007-100-upper,0.1024
EURRUB014-100-lower,-0.0705
EURRUB014-80-lower,-0.0269
EURRUB014-60-lower,-0.0165
EURRUB014-40-lower,-0.010060000000000003
EURRUB014-20-lower,-0.004759999999999991
EURRUB014-0-lower,-0.0
EURRUB014-0-upper,0.0001
EURRUB014-20-upper,0.00462
EURRUB014-40-upper,0.01
EURRUB014-60-upper,0.0167
EURRUB014-80-upper,0.03258
EURRUB014-100-upper,0.0921
EURRUB021-100-lower,-0.081
EURRUB021-80-lower,-0.03226
EURRUB021-60-lower,-0.020679999999999997
EURRUB021-40-lower,-0.012560000000000003
EURRUB021-20-lower,-0.006279999999999995
EURRUB021-0-lower,-0.0
EURRUB021-0-upper,0.0
EURRUB021-20-upper,0.0075
EURRUB021-40-upper,0.0145
EURRUB021-60-upper,0.022379999999999997
EURRUB021-80-upper,0.04006
EURRUB021-100-upper,0.1063
EURRUB030-100-lower,-0.0869
EURRUB030-80-lower,-0.038919999999999996
EURRUB030-60-lower,-0.0246
EURRUB030-40-lower,-0.015260000000000001
EURRUB030-20-lower,-0.006419999999999993
EURRUB030-0-lower,-0.0
EURRUB030-0-upper,0.0002
EURRUB030-20-upper,0.00638
EURRUB030-40-upper,0.015
EURRUB030-60-upper,0.030240000000000003
EURRUB030-80-upper,0.049879999999999994
EURRUB030-100-upper,0.1033
EURRUB045-100-lower,-0.1075
EURRUB045-80-lower,-0.0402
EURRUB045-60-lower,-0.027039999999999998
EURRUB045-40-lower,-0.019280000000000002
EURRUB045-20-lower,-0.0091
EURRUB045-0-lower,-0.0
EURRUB045-0-upper,0.0003
EURRUB045-20-upper,0.0104
EURRUB045-40-upper,0.0208
EURRUB045-60-upper,0.0361
EURRUB045-80-upper,0.0623
EURRUB045-100-upper,0.1183
EURRUB060-100-lower,-0.117
EURRUB060-80-lower,-0.04912
EURRUB060-60-lower,-0.0339
EURRUB060-40-lower,-0.023280000000000002
EURRUB060-20-lower,-0.009839999999999998
EURRUB060-0-lower,-0.0
EURRUB060-0-upper,0.0
EURRUB060-20-upper,0.0096
EURRUB060-40-upper,0.0212
EURRUB060-60-upper,0.0357
EURRUB060-80-upper,0.0682
EURRUB060-100-upper,0.1264
EURRUB090-100-lower,-0.1269
EURRUB090-80-lower,-0.06604
EURRUB090-60-lower,-0.04296
EURRUB090-40-lower,-0.02408
EURRUB090-20-lower,-0.012859999999999991
EURRUB090-0-lower,-0.0001
EURRUB090-0-upper,0.0001
EURRUB090-20-upper,0.0122
EURRUB090-40-upper,0.02604
EURRUB090-60-upper,0.0432
EURRUB090-80-upper,0.08620000000000005
EURRUB090-100-upper,0.1498
EURRUB100-100-lower,-0.1374
EURRUB100-80-lower,-0.06588
EURRUB100-60-lower,-0.0372
EURRUB100-40-lower,-0.027
EURRUB100-20-lower,-0.0171
EURRUB100-0-lower,-0.0002
EURRUB100-0-upper,0.0002
EURRUB100-20-upper,0.012060000000000001
EURRUB100-40-upper,0.027760000000000007
EURRUB100-60-upper,0.044259999999999994
EURRUB100-80-upper,0.08538000000000001
EURRUB100-100-upper,0.1858
EURRUB180-100-lower,-0.1701
EURRUB180-80-lower,-0.11194
EURRUB180-60-lower,-0.07668
EURRUB180-40-lower,-0.051620000000000006
EURRUB180-20-lower,-0.027379999999999988
EURRUB180-0-lower,-0.0
EURRUB180-0-upper,0.0002
EURRUB180-20-upper,0.030440000000000005
EURRUB180-40-upper,0.05330000000000001
EURRUB180-60-upper,0.08438000000000001
EURRUB180-80-upper,0.114
EURRUB180-100-upper,0.1695
EURRUB270-100-lower,-0.2281
EURRUB270-80-lower,-0.16068
EURRUB270-60-lower,-0.1334
EURRUB270-40-lower,-0.07836
EURRUB270-20-lower,-0.03269999999999999
EURRUB270-0-lower,-0.0001
EURRUB270-0-upper,0.0001
EURRUB270-20-upper,0.0404
EURRUB270-40-upper,0.0716
EURRUB270-60-upper,0.089
EURRUB270-80-upper,0.1197
EURRUB270-100-upper,0.1809
EURRUB365-100-lower,-0.3131
EURRUB365-80-lower,-0.19648
EURRUB365-60-lower,-0.09663999999999999
EURRUB365-40-lower,-0.04532
EURRUB365-20-lower,-0.028759999999999997
EURRUB365-0-lower,-0.0014
EURRUB365-0-upper,0.0003
EURRUB365-20-upper,0.0619
EURRUB365-40-upper,0.0871
EURRUB365-60-upper,0.1139
EURRUB365-80-upper,0.1438
EURRUB365-100-upper,0.2855
EURSEK007-100-lower,-0.032
EURSEK007-80-lower,-0.0085
EURSEK007-60-lower,-0.0054
EURSEK007-40-lower,-0.0035
EURSEK007-20-lower,-0.0019
EURSEK007-0-lower,-0.0
EURSEK007-0-upper,0.0
EURSEK007-20-upper,0.002
EURSEK007-40-upper,0.0042
EURSEK007-60-upper,0.0068
EURSEK007-80-upper,0.0103
EURSEK007-100-upper,0.0231
EURSEK014-100-lower,-0.0354
EURSEK014-80-lower,-0.0118
EURSEK014-60-lower,-0.00808
EURSEK014-40-lower,-0.0054
EURSEK014-20-lower,-0.0025000000000000005
EURSEK014-0-lower,-0.0001
EURSEK014-0-upper,0.0001
EURSEK014-20-upper,0.0026
EURSEK014-40-upper,0.0053
EURSEK014-60-upper,0.008759999999999997
EURSEK014-80-upper,0.0145
EURSEK014-100-upper,0.0317
EURSEK021-100-lower,-0.0384
EURSEK021-80-lower,-0.013479999999999999
EURSEK021-60-lower,-0.0087
EURSEK021-40-lower,-0.0054
EURSEK021-20-lower,-0.0025
EURSEK021-0-lower,-0.0
EURSEK021-0-upper,0.0001
EURSEK021-20-upper,0.0030400000000000006
EURSEK021-40-upper,0.0073
EURSEK021-60-upper,0.011439999999999999
EURSEK021-80-upper,0.0193
EURSEK021-100-upper,0.0352
EURSEK030-100-lower,-0.0355
EURSEK030-80-lower,-0.01566
EURSEK030-60-lower,-0.01124
EURSEK030-40-lower,-0.007359999999999999
EURSEK030-20-lower,-0.0038
EURSEK030-0-lower,-0.0
EURSEK030-0-upper,0.0
EURSEK030-20-upper,0.005680000000000001
EURSEK030-40-upper,0.0103
EURSEK030-60-upper,0.015639999999999998
EURSEK030-80-upper,0.02196
EURSEK030-100-upper,0.0442
EURSEK045-100-lower,-0.043
EURSEK045-80-lower,-0.019119999999999998
EURSEK045-60-lower,-0.01256
EURSEK045-40-lower,-0.00884
EURSEK045-20-lower,-0.0053
EURSEK045-0-lower,-0.0001
EURSEK045-0-upper,0.0001
EURSEK045-20-upper,0.0069
EURSEK045-40-upper,0.0129
EURSEK045-60-upper,0.0191
EURSEK045-80-upper,0.028980000000000002
EURSEK045-100-upper,0.0496
EURSEK060-100-lower,-0.0434
EURSEK060-80-lower,-0.02226
EURSEK060-60-lower,-0.01516
EURSEK060-40-lower,-0.008740000000000001
EURSEK060-20-lower,-0.004719999999999999
EURSEK060-0-lower,-0.0
EURSEK060-0-upper,0.0003
EURSEK060-20-upper,0.00782
EURSEK060-40-upper,0.0146
EURSEK060-60-upper,0.02096
EURSEK060-80-upper,0.0312
EURSEK060-100-upper,0.0549
EURSEK090-100-lower,-0.0555
EURSEK090-80-lower,-0.0259
EURSEK090-60-lower,-0.0188
EURSEK090-40-lower,-0.0093
EURSEK090-20-lower,-0.0049
EURSEK090-0-lower,-0.0001
EURSEK090-0-upper,0.0
EURSEK090-20-upper,0.0097
EURSEK090-40-upper,0.0166
EURSEK090-60-upper,0.0232
EURSEK090-80-upper,0.0324
EURSEK090-100-upper,0.0864
EURSEK100-100-lower,-0.0509
EURSEK100-80-lower,-0.02538
EURSEK100-60-lower,-0.01882
EURSEK100-40-lower,-0.01064
EURSEK100-20-lower,-0.004919999999999999
EURSEK100-0-lower,-0.0
EURSEK100-0-upper,0.0001
EURSEK100-20-upper,0.0092
EURSEK100-40-upper,0.0169
EURSEK100-60-upper,0.025
EURSEK100-80-upper,0.034
EURSEK100-100-upper,0.0837
EURSEK180-100-lower,-0.0351
EURSEK180-80-lower,-0.01134
EURSEK180-60-lower,-0.007559999999999999
EURSEK180-40-lower,-0.0048400000000000006
EURSEK180-20-lower,-0.0026
EURSEK180-0-lower,-0.0
EURSEK180-0-upper,0.0
EURSEK180-20-upper,0.0085
EURSEK180-40-upper,0.019
EURSEK180-60-upper,0.0337
EURSEK180-80-upper,0.0506
EURSEK180-100-upper,0.0928
EURSEK270-100-lower,-0.0408
EURSEK270-80-lower,-0.027159999999999997
EURSEK270-60-lower,-0.02246
EURSEK270-40-lower,-0.01442
EURSEK270-20-lower,-0.00856
EURSEK270-0-lower,-0.0004
EURSEK270-0-upper,0.0002
EURSEK270-20-upper,0.01678
EURSEK270-40-upper,0.027680000000000007
EURSEK270-60-upper,0.04034
EURSEK270-80-upper,0.05476000000000001
EURSEK270-100-upper,0.1065
EURSEK365-100-lower,-0.0233
EURSEK365-80-lower,-0.013
EURSEK365-60-lower,-0.0101
EURSEK365-40-lower,-0.005640000000000001
EURSEK365-20-lower,-0.0027
EURSEK365-0-lower,-0.0012
EURSEK365-0-upper,0.0002
EURSEK365-20-upper,0.019140000000000004
EURSEK365-40-upper,0.03376
EURSEK365-60-upper,0.04588
EURSEK365-80-upper,0.06310000000000004
EURSEK365-100-upper,0.1255
EURSGD007-100-lower,-0.018
EURSGD007-80-lower,-0.00746
EURSGD007-60-lower,-0.005000000000000001
EURSGD007-40-lower,-0.0033
EURSGD007-20-lower,-0.0016
EURSGD007-0-lower,-0.0001
EURSGD007-0-upper,0.0
EURSGD007-20-upper,0.0014
EURSGD007-40-upper,0.003
EURSGD007-60-upper,0.0048
EURSGD007-80-upper,0.0077
EURSGD007-100-upper,0.0178
EURSGD014-100-lower,-0.0243
EURSGD014-80-lower,-0.01032
EURSGD014-60-lower,-0.0071
EURSGD014-40-lower,-0.004860000000000002
EURSGD014-20-lower,-0.0023
EURSGD014-0-lower,-0.0001
EURSGD014-0-upper,0.0
EURSGD014-20-upper,0.0016400000000000006
EURSGD014-40-upper,0.0037
EURSGD014-60-upper,0.00656
EURSGD014-80-upper,0.01128
EURSGD014-100-upper,0.0309
EURSGD021-100-lower,-0.0231
EURSGD021-80-lower,-0.0118
EURSGD021-60-lower,-0.0077
EURSGD021-40-lower,-0.005380000000000001
EURSGD021-20-lower,-0.0026399999999999974
EURSGD021-0-lower,-0.0001
EURSGD021-0-upper,0.0
EURSGD021-20-upper,0.0025
EURSGD021-40-upper,0.0058
EURSGD021-60-upper,0.0089
EURSGD021-80-upper,0.014500000000000002
EURSGD021-100-upper,0.0417
EURSGD030-100-lower,-0.0326
EURSGD030-80-lower,-0.0131
EURSGD030-60-lower,-0.009
EURSGD030-40-lower,-0.0057
EURSGD030-20-lower,-0.0028
EURSGD030-0-lower,-0.0001
EURSGD030-0-upper,0.0
EURSGD030-20-upper,0.0028
EURSGD030-40-upper,0.0068
EURSGD030-60-upper,0.0118
EURSGD030-80-upper,0.01678
EURSGD030-100-upper,0.0423
EURSGD045-100-lower,-0.038
EURSGD045-80-lower,-0.0166
EURSGD045-60-lower,-0.010579999999999999
EURSGD045-40-lower,-0.007000000000000001
EURSGD045-20-lower,-0.0036
EURSGD045-0-lower,-0.0001
EURSGD045-0-upper,0.0
EURSGD045-20-upper,0.0032
EURSGD045-40-upper,0.0074
EURSGD045-60-upper,0.0129
EURSGD045-80-upper,0.0204
EURSGD045-100-upper,0.0472
EURSGD060-100-lower,-0.04
EURSGD060-80-lower,-0.01804
EURSGD060-60-lower,-0.0114
EURSGD060-40-lower,-0.007119999999999999
EURSGD060-20-lower,-0.0037
EURSGD060-0-lower,-0.0001
EURSGD060-0-upper,0.0001
EURSGD060-20-upper,0.0044
EURSGD060-40-upper,0.01046
EURSGD060-60-upper,0.01724
EURSGD060-80-upper,0.026599999999999995
EURSGD060-100-upper,0.0458
EURSGD090-100-lower,-0.0422
EURSGD090-80-lower,-0.0214
EURSGD090-60-lower,-0.015139999999999997
EURSGD090-40-lower,-0.0109
EURSGD090-20-lower,-0.005879999999999995
EURSGD090-0-lower,-0.0001
EURSGD090-0-upper,0.0
EURSGD090-20-upper,0.0052
EURSGD090-40-upper,0.0134
EURSGD090-60-upper,0.02096
EURSGD090-80-upper,0.035620000000000006
EURSGD090-100-upper,0.0652
EURSGD100-100-lower,-0.0469
EURSGD100-80-lower,-0.02206
EURSGD100-60-lower,-0.017
EURSGD100-40-lower,-0.0131
EURSGD100-20-lower,-0.0073
EURSGD100-0-lower,-0.0006
EURSGD100-0-upper,0.0
EURSGD100-20-upper,0.0052
EURSGD100-40-upper,0.0126
EURSGD100-60-upper,0.02074
EURSGD100-80-upper,0.03464
EURSGD100-100-upper,0.0713
EURSGD180-100-lower,-0.0483
EURSGD180-80-lower,-0.026619999999999994
EURSGD180-60-lower,-0.017839999999999998
EURSGD180-40-lower,-0.0139
EURSGD180-20-lower,-0.0087
EURSGD180-0-lower,-0.0001
EURSGD180-0-upper,0.0001
EURSGD180-20-upper,0.0092
EURSGD180-40-upper,0.0157
EURSGD180-60-upper,0.02612
EURSGD180-80-upper,0.04490000000000004
EURSGD180-100-upper,0.093
EURSGD270-100-lower,-0.0515
EURSGD270-80-lower,-0.03678
EURSGD270-60-lower,-0.0289
EURSGD270-40-lower,-0.02042
EURSGD270-20-lower,-0.009799999999999982
EURSGD270-0-lower,-0.0001
EURSGD270-0-upper,0.0
EURSGD270-20-upper,0.01538
EURSGD270-40-upper,0.03322
EURSGD270-60-upper,0.04966
EURSGD270-80-upper,0.06312000000000001
EURSGD270-100-upper,0.0854
EURSGD365-100-lower,-0.0659
EURSGD365-80-lower,-0.0468
EURSGD365-60-lower,-0.0325
EURSGD365-40-lower,-0.0211
EURSGD365-20-lower,-0.0138
EURSGD365-0-lower,-0.0002
EURSGD365-0-upper,0.0004
EURSGD365-20-upper,0.016200000000000003
EURSGD365-40-upper,0.04804
EURSGD365-60-upper,0.05758
EURSGD365-80-upper,0.07132
EURSGD365-100-upper,0.0951
EURTRY007-100-lower,-0.1111
EURTRY007-80-lower,-0.02541999999999999
EURTRY007-60-lower,-0.015059999999999997
EURTRY007-40-lower,-0.008320000000000001
EURTRY007-20-lower,-0.0037
EURTRY007-0-lower,-0.0
EURTRY007-0-upper,0.0
EURTRY007-20-upper,0.005640000000000001
EURTRY007-40-upper,0.01038
EURTRY007-60-upper,0.016319999999999998
EURTRY007-80-upper,0.026920000000000006
EURTRY007-100-upper,0.2753
EURTRY014-100-lower,-0.0897
EURTRY014-80-lower,-0.031619999999999995
EURTRY014-60-lower,-0.020919999999999994
EURTRY014-40-lower,-0.012480000000000007
EURTRY014-20-lower,-0.005039999999999998
EURTRY014-0-lower,-0.0001
EURTRY014-0-upper,0.0003
EURTRY014-20-upper,0.008220000000000002
EURTRY014-40-upper,0.0177
EURTRY014-60-upper,0.026
EURTRY014-80-upper,0.03952000000000001
EURTRY014-100-upper,0.374
EURTRY021-100-lower,-0.1141
EURTRY021-80-lower,-0.04296
EURTRY021-60-lower,-0.027059999999999997
EURTRY021-40-lower,-0.015600000000000003
EURTRY021-20-lower,-0.007239999999999998
EURTRY021-0-lower,-0.0
EURTRY021-0-upper,0.0
EURTRY021-20-upper,0.011980000000000001
EURTRY021-40-upper,0.0235
EURTRY021-60-upper,0.03244
EURTRY021-80-upper,0.04722
EURTRY021-100-upper,0.4172
EURTRY030-100-lower,-0.1326
EURTRY030-80-lower,-0.0529
EURTRY030-60-lower,-0.0295
EURTRY030-40-lower,-0.0179
EURTRY030-20-lower,-0.0082
EURTRY030-0-lower,-0.0002
EURTRY030-0-upper,0.0003
EURTRY030-20-upper,0.01472
EURTRY030-40-upper,0.027340000000000003
EURTRY030-60-upper,0.03866
EURTRY030-80-upper,0.058480000000000004
EURTRY030-100-upper,0.3512
EURTRY045-100-lower,-0.1805
EURTRY045-80-lower,-0.0662
EURTRY045-60-lower,-0.0349
EURTRY045-40-lower,-0.0199
EURTRY045-20-lower,-0.0095
EURTRY045-0-lower,-0.0002
EURTRY045-0-upper,0.0
EURTRY045-20-upper,0.016239999999999997
EURTRY045-40-upper,0.034460000000000005
EURTRY045-60-upper,0.057159999999999996
EURTRY045-80-upper,0.07706
EURTRY045-100-upper,0.4651
EURTRY060-100-lower,-0.2078
EURTRY060-80-lower,-0.07772
EURTRY060-60-lower,-0.046560000000000004
EURTRY060-40-lower,-0.019660000000000004
EURTRY060-20-lower,-0.007679999999999995
EURTRY060-0-lower,-0.0001
EURTRY060-0-upper,0.0002
EURTRY060-20-upper,0.0202
EURTRY060-40-upper,0.04074
EURTRY060-60-upper,0.07209999999999998
EURTRY060-80-upper,0.0963
EURTRY060-100-upper,0.4391
EURTRY090-100-lower,-0.2354
EURTRY090-80-lower,-0.12491999999999999
EURTRY090-60-lower,-0.06216
EURTRY090-40-lower,-0.03746
EURTRY090-20-lower,-0.01897999999999999
EURTRY090-0-lower,-0.0004
EURTRY090-0-upper,0.0
EURTRY090-20-upper,0.03626
EURTRY090-40-upper,0.064
EURTRY090-60-upper,0.08844
EURTRY090-80-upper,0.133
EURTRY090-100-upper,0.4925
EURTRY100-100-lower,-0.2305
EURTRY100-80-lower,-0.13518000000000002
EURTRY100-60-lower,-0.06946
EURTRY100-40-lower,-0.04644000000000001
EURTRY100-20-lower,-0.02688
EURTRY100-0-lower,-0.0006
EURTRY100-0-upper,0.0021
EURTRY100-20-upper,0.04578
EURTRY100-40-upper,0.06838000000000001
EURTRY100-60-upper,0.09437999999999999
EURTRY100-80-upper,0.13746
EURTRY100-100-upper,0.4692
EURTRY180-100-lower,-0.2429
EURTRY180-80-lower,-0.17568
EURTRY180-60-lower,-0.14742
EURTRY180-40-lower,-0.1046
EURTRY180-20-lower,-0.037899999999999975
EURTRY180-0-lower,-0.0016
EURTRY180-0-upper,0.0005
EURTRY180-20-upper,0.06076000000000001
EURTRY180-40-upper,0.10747999999999999
EURTRY180-60-upper,0.14223999999999998
EURTRY180-80-upper,0.18497999999999998
EURTRY180-100-upper,0.6677
EURTRY270-100-lower,-0.1547
EURTRY270-80-lower,-0.1041
EURTRY270-60-lower,-0.0844
EURTRY270-40-lower,-0.0471
EURTRY270-20-lower,-0.0169
EURTRY270-0-lower,-0.0004
EURTRY270-0-upper,0.0026
EURTRY270-20-upper,0.1279
EURTRY270-40-upper,0.16828
EURTRY270-60-upper,0.2038
EURTRY270-80-upper,0.2626
EURTRY270-100-upper,0.7273
EURTRY365-100-lower,-0.2087
EURTRY365-80-lower,-0.15778
EURTRY365-60-lower,-0.14434
EURTRY365-40-lower,-0.12244
EURTRY365-20-lower,-0.09344
EURTRY365-0-lower,-0.0009
EURTRY365-0-upper,0.0041
EURTRY365-20-upper,0.20642000000000002
EURTRY365-40-upper,0.23952
EURTRY365-60-upper,0.28174
EURTRY365-80-upper,0.3380400000000001
EURTRY365-100-upper,0.8925
EURUSD007-100-lower,-0.0277
EURUSD007-80-lower,-0.0115
EURUSD007-60-lower,-0.007679999999999995
EURUSD007-40-lower,-0.0048
EURUSD007-20-lower,-0.0023
EURUSD007-0-lower,-0.0001
EURUSD007-0-upper,0.0
EURUSD007-20-upper,0.0021
EURUSD007-40-upper,0.0046
EURUSD007-60-upper,0.0073
EURUSD007-80-upper,0.011100000000000002
EURUSD007-100-upper,0.0271
EURUSD014-100-lower,-0.0494
EURUSD014-80-lower,-0.015639999999999998
EURUSD014-60-lower,-0.0102
EURUSD014-40-lower,-0.006140000000000004
EURUSD014-20-lower,-0.0031599999999999966
EURUSD014-0-lower,-0.0001
EURUSD014-0-upper,0.0
EURUSD014-20-upper,0.003
EURUSD014-40-upper,0.0063
EURUSD014-60-upper,0.009339999999999998
EURUSD014-80-upper,0.0163
EURUSD014-100-upper,0.0386
EURUSD021-100-lower,-0.0496
EURUSD021-80-lower,-0.0175
EURUSD021-60-lower,-0.0106
EURUSD021-40-lower,-0.0066
EURUSD021-20-lower,-0.0029
EURUSD021-0-lower,-0.0001
EURUSD021-0-upper,0.0
EURUSD021-20-upper,0.0026
EURUSD021-40-upper,0.0067
EURUSD021-60-upper,0.0132
EURUSD021-80-upper,0.0215
EURUSD021-100-upper,0.0413
EURUSD030-100-lower,-0.0481
EURUSD030-80-lower,-0.0196
EURUSD030-60-lower,-0.0125
EURUSD030-40-lower,-0.008
EURUSD030-20-lower,-0.0038
EURUSD030-0-lower,-0.0001
EURUSD030-0-upper,0.0002
EURUSD030-20-upper,0.003980000000000001
EURUSD030-40-upper,0.0099
EURUSD030-60-upper,0.01732
EURUSD030-80-upper,0.026520000000000005
EURUSD030-100-upper,0.0494
EURUSD045-100-lower,-0.0661
EURUSD045-80-lower,-0.02472
EURUSD045-60-lower,-0.0147
EURUSD045-40-lower,-0.0093
EURUSD045-20-lower,-0.005
EURUSD045-0-lower,-0.0001
EURUSD045-0-upper,0.0001
EURUSD045-20-upper,0.0054
EURUSD045-40-upper,0.0119
EURUSD045-60-upper,0.0195
EURUSD045-80-upper,0.0317
EURUSD045-100-upper,0.0648
EURUSD060-100-lower,-0.0657
EURUSD060-80-lower,-0.03292
EURUSD060-60-lower,-0.019239999999999997
EURUSD060-40-lower,-0.0105
EURUSD060-20-lower,-0.005219999999999998
EURUSD060-0-lower,-0.0003
EURUSD060-0-upper,0.0001
EURUSD060-20-upper,0.005340000000000001
EURUSD060-40-upper,0.0113
EURUSD060-60-upper,0.028699999999999996
EURUSD060-80-upper,0.0436
EURUSD060-100-upper,0.0665
EURUSD090-100-lower,-0.0723
EURUSD090-80-lower,-0.041139999999999996
EURUSD090-60-lower,-0.022
EURUSD090-40-lower,-0.0135
EURUSD090-20-lower,-0.0062599999999999965
EURUSD090-0-lower,-0.0001
EURUSD090-0-upper,0.0
EURUSD090-20-upper,0.0071400000000000005
EURUSD090-40-upper,0.02242000000000001
EURUSD090-60-upper,0.0403
EURUSD090-80-upper,0.06318
EURUSD090-100-upper,0.0848
EURUSD100-100-lower,-0.0748
EURUSD100-80-lower,-0.04532
EURUSD100-60-lower,-0.023079999999999996
EURUSD100-40-lower,-0.013960000000000002
EURUSD100-20-lower,-0.0075
EURUSD100-0-lower,-0.0001
EURUSD100-0-upper,0.0
EURUSD100-20-upper,0.007580000000000002
EURUSD100-40-upper,0.025
EURUSD100-60-upper,0.04391999999999999
EURUSD100-80-upper,0.06202000000000002
EURUSD100-100-upper,0.1025
EURUSD180-100-lower,-0.0929
EURUSD180-80-lower,-0.05227999999999999
EURUSD180-60-lower,-0.036039999999999996
EURUSD180-40-lower,-0.0246
EURUSD180-20-lower,-0.016959999999999992
EURUSD180-0-lower,-0.0012
EURUSD180-0-upper,0.0
EURUSD180-20-upper,0.0404
EURUSD180-40-upper,0.05172
EURUSD180-60-upper,0.06251999999999999
EURUSD180-80-upper,0.09842000000000001
EURUSD180-100-upper,0.1394
EURUSD270-100-lower,-0.103
EURUSD270-80-lower,-0.060579999999999995
EURUSD270-60-lower,-0.038939999999999995
EURUSD270-40-lower,-0.02778
EURUSD270-20-lower,-0.0188
EURUSD270-0-lower,-0.0005
EURUSD270-0-upper,0.0005
EURUSD270-20-upper,0.0251
EURUSD270-40-upper,0.0842
EURUSD270-60-upper,0.1033
EURUSD270-80-upper,0.1235
EURUSD270-100-upper,0.1498
EURUSD365-100-lower,-0.0982
EURUSD365-80-lower,-0.06423999999999999
EURUSD365-60-lower,-0.04552
EURUSD365-40-lower,-0.03578
EURUSD365-20-lower,-0.0237
EURUSD365-0-lower,-0.001
EURUSD365-0-upper,0.0004
EURUSD365-20-upper,0.03992
EURUSD365-40-upper,0.059660000000000005
EURUSD365-60-upper,0.10046
EURUSD365-80-upper,0.14626
EURUSD365-100-upper,0.1797
